name,address,rating,review_count,latitude,longitude,type,place_id,business_status,current_opening_hours,editorial_summary,international_phone_number,price_level,reservable,secondary_opening_hours,url,website
Vabali,"Seydlitzstraße 6, 10557 Berlin, Germany",4.7,11948,52.5286536,13.3592849,sauna,ChIJjfrdZphRqEcRT6O7Rn8rVLI,OPERATIONAL,"['Monday: 9:00\u202fAM\u2009–\u200912:00\u202fAM', 'Tuesday: 9:00\u202fAM\u2009–\u200912:00\u202fAM', 'Wednesday: 9:00\u202fAM\u2009–\u200912:00\u202fAM', 'Thursday: 9:00\u202fAM\u2009–\u200912:00\u202fAM', 'Friday: 9:00\u202fAM\u2009–\u200912:00\u202fAM', 'Saturday: 9:00\u202fAM\u2009–\u200912:00\u202fAM', 'Sunday: 9:00\u202fAM\u2009–\u200912:00\u202fAM']","Treatments are available at this Bali-style spa facility with 2-hour, 4-hour & day tickets.",+49 30 9114860,N/A,N/A,N/A,https://maps.google.com/?cid=12849943462442410831,https://www.vabali.de/berlin/
KIEZ SAUNA - The sauna in Berlin-Friedrichshain,"Graudenzer Str. 19, 10243 Berlin, Germany",4.3,439,52.5150969,13.448653,sauna,ChIJAz5cv0JOqEcRUolqyMHNAVc,OPERATIONAL,"['Monday: 3:00\u202fPM\u2009–\u200912:00\u202fAM', 'Tuesday: 3:00\u202fPM\u2009–\u200912:00\u202fAM', 'Wednesday: 3:00\u202fPM\u2009–\u200912:00\u202fAM', 'Thursday: 3:00\u202fPM\u2009–\u200912:00\u202fAM', 'Friday: 3:00\u202fPM\u2009–\u200912:00\u202fAM', 'Saturday: 3:00\u202fPM\u2009–\u200912:00\u202fAM', 'Sunday: 3:00\u202fPM\u2009–\u200912:00\u202fAM']",N/A,+49 30 29774040,N/A,N/A,N/A,https://maps.google.com/?cid=6269518388451248466,http://www.kiezsauna.de/
Liquidrom,"Möckernstraße 10, 10963 Berlin, Germany",4.2,3426,52.50158030000001,13.3811599,sauna,ChIJM60oqdJRqEcRy8_3DSb5_JI,OPERATIONAL,"['Monday: 9:00\u202fAM\u2009–\u200912:00\u202fAM', 'Tuesday: 9:00\u202fAM\u2009–\u200912:00\u202fAM', 'Wednesday: 9:00\u202fAM\u2009–\u200912:00\u202fAM', 'Thursday: 9:00\u202fAM\u2009–\u200912:00\u202fAM', 'Friday: 9:00\u202fAM\u2009–\u20091:00\u202fAM', 'Saturday: 9:00\u202fAM\u2009–\u20091:00\u202fAM', 'Sunday: 9:00\u202fAM\u2009–\u200912:00\u202fAM']","Cool spa in building resembling a circus tent, with multiple pools, saunas & underwater music.",N/A,N/A,N/A,N/A,https://maps.google.com/?cid=10591614365506981835,https://www.liquidrom-berlin.de/
Saunabad Berlin Prenzlauer Berg,"Rykestraße 10, 10405 Berlin, Germany",4.1,202,52.5357614,13.420231,sauna,ChIJK8TA4QNOqEcRY5JwoVOwVIk,OPERATIONAL,"['Monday: 3:00\u202fPM\u2009–\u200912:00\u202fAM', 'Tuesday: 3:00\u202fPM\u2009–\u200912:00\u202fAM', 'Wednesday: 3:00\u202fPM\u2009–\u200912:00\u202fAM', 'Thursday: 3:00\u202fPM\u2009–\u200912:00\u202fAM', 'Friday: 3:00\u202fPM\u2009–\u200912:00\u202fAM', 'Saturday: 3:00\u202fPM\u2009–\u200912:00\u202fAM', 'Sunday: 12:00\u202fPM\u2009–\u200912:00\u202fAM']",N/A,+49 30 44046397,N/A,N/A,N/A,https://maps.google.com/?cid=9895728154477105763,http://www.saunabad-berlin.de/
BOILER Sauna Berlin,"Mehringdamm 34, 10961 Berlin, Germany",4.1,726,52.49363349999999,13.3877998,sauna,ChIJHbqEHilQqEcRmT3xwmU_M74,OPERATIONAL,"['Monday: 12:00\u2009–\u20096:00\u202fAM, 12:00\u202fPM\u2009–\u200912:00\u202fAM', 'Tuesday: 12:00\u2009–\u20096:00\u202fAM, 12:00\u202fPM\u2009–\u200912:00\u202fAM', 'Wednesday: 12:00\u2009–\u20096:00\u202fAM, 12:00\u202fPM\u2009–\u200912:00\u202fAM', 'Thursday: 12:00\u2009–\u20096:00\u202fAM, 12:00\u202fPM\u2009–\u200912:00\u202fAM', 'Friday: 12:00\u2009–\u20096:00\u202fAM, 12:00\u202fPM\u2009–\u200912:00\u202fAM', 'Saturday: Open 24 hours', 'Sunday: Open 24 hours']","Neon-lit, industrial-chic complex with a hot tub, saunas & steam rooms, plus a bar with a garden.",+49 30 57707175,N/A,N/A,N/A,https://maps.google.com/?cid=13705367797313387929,http://boiler-berlin.de/
SAUNARIVM - your wellness temple,"Breite Str. 22B, 13187 Berlin, Germany",4.5,296,52.5701189,13.4021282,sauna,ChIJozaL_BZOqEcRtBbk6lMcKZw,OPERATIONAL,N/A,N/A,+49 30 49760714,N/A,N/A,N/A,https://maps.google.com/?cid=11252556290710574772,http://www.saunarivm.de/
MyWellness Berlin Wilmersdorf,"Kurfürstendamm 146, 10709 Berlin, Germany",4.5,1601,52.4982049,13.2990478,sauna,ChIJHW9hLmJRqEcRF4FrnaUDL00,OPERATIONAL,"['Monday: 9:00\u202fAM\u2009–\u200912:00\u202fAM', 'Tuesday: 9:00\u202fAM\u2009–\u200912:00\u202fAM', 'Wednesday: 9:00\u202fAM\u2009–\u200912:00\u202fAM', 'Thursday: 9:00\u202fAM\u2009–\u200912:00\u202fAM', 'Friday: 9:00\u202fAM\u2009–\u200912:00\u202fAM', 'Saturday: 9:00\u202fAM\u2009–\u200912:00\u202fAM', 'Sunday: 9:00\u202fAM\u2009–\u200912:00\u202fAM']",N/A,+49 231 55030039,N/A,N/A,"[{'open_now': True, 'periods': [{'close': {'date': '2024-09-09', 'day': 1, 'time': '0000'}, 'open': {'date': '2024-09-08', 'day': 0, 'time': '0900'}}, {'close': {'date': '2024-09-10', 'day': 2, 'time': '0000'}, 'open': {'date': '2024-09-09', 'day': 1, 'time': '0900'}}, {'close': {'date': '2024-09-11', 'day': 3, 'time': '0000'}, 'open': {'date': '2024-09-10', 'day': 2, 'time': '0900'}}, {'close': {'date': '2024-09-12', 'day': 4, 'time': '0000'}, 'open': {'date': '2024-09-11', 'day': 3, 'time': '0900'}}, {'close': {'date': '2024-09-12', 'day': 4, 'time': '2359', 'truncated': True}, 'open': {'date': '2024-09-12', 'day': 4, 'time': '0900'}}, {'close': {'date': '2024-09-07', 'day': 6, 'time': '0000'}, 'open': {'date': '2024-09-06', 'day': 5, 'time': '0900'}}, {'close': {'date': '2024-09-08', 'day': 0, 'time': '0000'}, 'open': {'date': '2024-09-07', 'day': 6, 'time': '0900'}}], 'type': 'ACCESS', 'weekday_text': ['Monday: 9:00\u202fAM\u2009–\u200912:00\u202fAM', 'Tuesday: 9:00\u202fAM\u2009–\u200912:00\u202fAM', 'Wednesday: 9:00\u202fAM\u2009–\u200912:00\u202fAM', 'Thursday: 9:00\u202fAM\u2009–\u200912:00\u202fAM', 'Friday: 9:00\u202fAM\u2009–\u200912:00\u202fAM', 'Saturday: 9:00\u202fAM\u2009–\u200912:00\u202fAM', 'Sunday: 9:00\u202fAM\u2009–\u200912:00\u202fAM']}, {'open_now': True, 'periods': [{'close': {'date': '2024-09-09', 'day': 1, 'time': '0000'}, 'open': {'date': '2024-09-08', 'day': 0, 'time': '0900'}}, {'close': {'date': '2024-09-10', 'day': 2, 'time': '0000'}, 'open': {'date': '2024-09-09', 'day': 1, 'time': '0900'}}, {'close': {'date': '2024-09-11', 'day': 3, 'time': '0000'}, 'open': {'date': '2024-09-10', 'day': 2, 'time': '0900'}}, {'close': {'date': '2024-09-12', 'day': 4, 'time': '0000'}, 'open': {'date': '2024-09-11', 'day': 3, 'time': '0900'}}, {'close': {'date': '2024-09-12', 'day': 4, 'time': '2359', 'truncated': True}, 'open': {'date': '2024-09-12', 'day': 4, 'time': '0900'}}, {'close': {'date': '2024-09-07', 'day': 6, 'time': '0000'}, 'open': {'date': '2024-09-06', 'day': 5, 'time': '0900'}}, {'close': {'date': '2024-09-08', 'day': 0, 'time': '0000'}, 'open': {'date': '2024-09-07', 'day': 6, 'time': '0900'}}], 'type': 'KITCHEN', 'weekday_text': ['Monday: 9:00\u202fAM\u2009–\u200912:00\u202fAM', 'Tuesday: 9:00\u202fAM\u2009–\u200912:00\u202fAM', 'Wednesday: 9:00\u202fAM\u2009–\u200912:00\u202fAM', 'Thursday: 9:00\u202fAM\u2009–\u200912:00\u202fAM', 'Friday: 9:00\u202fAM\u2009–\u200912:00\u202fAM', 'Saturday: 9:00\u202fAM\u2009–\u200912:00\u202fAM', 'Sunday: 9:00\u202fAM\u2009–\u200912:00\u202fAM']}, {'open_now': True, 'periods': [{'close': {'date': '2024-09-12', 'day': 4, 'time': '2359', 'truncated': True}, 'open': {'date': '2024-09-06', 'day': 5, 'time': '0000', 'truncated': True}}], 'type': 'ONLINE_SERVICE_HOURS', 'weekday_text': ['Monday: Open 24 hours', 'Tuesday: Open 24 hours', 'Wednesday: Open 24 hours', 'Thursday: Open 24 hours', 'Friday: Open 24 hours', 'Saturday: Open 24 hours', 'Sunday: Open 24 hours']}]",https://maps.google.com/?cid=5561668074671407383,https://mywellness.de/berlin/?utm_source=GMB&utm_medium=Yext
Lützow Sauna,"Lützowstraße 106, 10785 Berlin, Germany",4.5,114,52.5020244,13.3695479,sauna,ChIJdWJwDjVQqEcRymhI9qv5YhQ,OPERATIONAL,"['Monday: 6:00\u2009–\u200910:00\u202fPM', 'Tuesday: Closed', 'Wednesday: 4:00\u2009–\u200910:00\u202fPM', 'Thursday: Closed', 'Friday: 4:00\u2009–\u200910:00\u202fPM', 'Saturday: Closed', 'Sunday: 4:00\u2009–\u200910:00\u202fPM']",N/A,+49 30 2622827,N/A,N/A,N/A,https://maps.google.com/?cid=1469010945442867402,http://www.luetzow-sauna.de/
Gewölbe-Sauna,"Fröbelstraße 17, 10405 Berlin, Germany",4,332,52.5409532,13.4259317,sauna,ChIJ1VR_h_1NqEcRzArowYXfX7Y,OPERATIONAL,"['Monday: 3:00\u2009–\u200911:00\u202fPM', 'Tuesday: 3:00\u2009–\u200911:00\u202fPM', 'Wednesday: 3:00\u2009–\u200911:00\u202fPM', 'Thursday: 3:00\u2009–\u200911:00\u202fPM', 'Friday: 3:00\u2009–\u200911:00\u202fPM', 'Saturday: 3:00\u2009–\u20099:00\u202fPM', 'Sunday: 3:00\u2009–\u20099:00\u202fPM']",N/A,+49 30 4232827,N/A,N/A,N/A,https://maps.google.com/?cid=13141468003267250892,http://www.gewoelbe-sauna.de/
Sultan Hamam Berlin,"Bülowstraße 56-57, 10783 Berlin, Germany",4.4,1180,52.4952468,13.3677644,sauna,ChIJtahaqDdQqEcR1zFN5uV9BVQ,OPERATIONAL,"['Monday: 3:00\u2009–\u200910:00\u202fPM', 'Tuesday: 11:00\u202fAM\u2009–\u200910:00\u202fPM', 'Wednesday: 10:00\u202fAM\u2009–\u200910:00\u202fPM', 'Thursday: 11:00\u202fAM\u2009–\u200910:00\u202fPM', 'Friday: 11:00\u202fAM\u2009–\u200910:00\u202fPM', 'Saturday: 10:00\u202fAM\u2009–\u200910:00\u202fPM', 'Sunday: 10:00\u202fAM\u2009–\u200910:00\u202fPM']",N/A,+49 30 21753375,N/A,N/A,"[{'open_now': True, 'periods': [{'close': {'date': '2024-09-12', 'day': 4, 'time': '2359', 'truncated': True}, 'open': {'date': '2024-09-06', 'day': 5, 'time': '0000', 'truncated': True}}], 'type': 'ONLINE_SERVICE_HOURS', 'weekday_text': ['Monday: Open 24 hours', 'Tuesday: Open 24 hours', 'Wednesday: Open 24 hours', 'Thursday: Open 24 hours', 'Friday: Open 24 hours', 'Saturday: Open 24 hours', 'Sunday: Open 24 hours']}]",https://maps.google.com/?cid=6054383700434301399,https://sultanhamam.de/
Hamam - The Turkish bath for women,"Mariannenstraße 6, 10997 Berlin, Germany",3.9,378,52.5008346,13.4233137,sauna,ChIJb4TDUTROqEcRio5NLy2g5pE,OPERATIONAL,"['Monday: 3:00\u2009–\u20099:00\u202fPM', 'Tuesday: 12:00\u2009–\u200910:00\u202fPM', 'Wednesday: 12:00\u2009–\u200910:00\u202fPM', 'Thursday: 12:00\u2009–\u200910:00\u202fPM', 'Friday: 12:00\u2009–\u200910:00\u202fPM', 'Saturday: 12:00\u2009–\u200910:00\u202fPM', 'Sunday: 12:00\u2009–\u20096:00\u202fPM']",N/A,+49 30 6151464,N/A,N/A,N/A,https://maps.google.com/?cid=10513266496070585994,http://www.hamamberlin.de/
Saunainsel Berlin,"Kratzbruch, 10245 Berlin, Germany",5,16,52.48908180000001,13.486593,sauna,ChIJfyxdqqBPqEcRZsCeOJiJ9hw,OPERATIONAL,"['Monday: 10:00\u202fAM\u2009–\u200911:00\u202fPM', 'Tuesday: 10:00\u202fAM\u2009–\u200911:00\u202fPM', 'Wednesday: 10:00\u202fAM\u2009–\u200911:00\u202fPM', 'Thursday: 10:00\u202fAM\u2009–\u200911:00\u202fPM', 'Friday: 10:00\u202fAM\u2009–\u200911:00\u202fPM', 'Saturday: 10:00\u202fAM\u2009–\u200911:00\u202fPM', 'Sunday: 10:00\u202fAM\u2009–\u200911:00\u202fPM']",N/A,+49 176 77877500,N/A,N/A,N/A,https://maps.google.com/?cid=2087006764210765926,http://batuga.de/saunainsel
Befine SPORTS & SPA,"Chausseestraße 30, 10115 Berlin, Germany",4.1,165,52.5323541,13.3813779,sauna,ChIJ8e_MKu1RqEcRlkP9Ns5ULRE,OPERATIONAL,"['Monday: 6:30\u202fAM\u2009–\u200911:00\u202fPM', 'Tuesday: 6:30\u202fAM\u2009–\u200911:00\u202fPM', 'Wednesday: 6:30\u202fAM\u2009–\u200911:00\u202fPM', 'Thursday: 6:30\u202fAM\u2009–\u200911:00\u202fPM', 'Friday: 6:30\u202fAM\u2009–\u200911:00\u202fPM', 'Saturday: 8:00\u202fAM\u2009–\u200910:00\u202fPM', 'Sunday: 8:00\u202fAM\u2009–\u200910:00\u202fPM']",N/A,+49 30 3116858865,N/A,N/A,N/A,https://maps.google.com/?cid=1237738717259318166,https://befine-clubs.de/de/
Waldorf Astoria Spa,"Hardenbergstraße 28/Floor 5, 10623 Berlin, Germany",4.5,94,52.50548149999999,13.332767,sauna,ChIJB7k_Uf5QqEcREfjNW3es8gA,OPERATIONAL,"['Monday: 10:00\u202fAM\u2009–\u20099:30\u202fPM', 'Tuesday: 10:00\u202fAM\u2009–\u20099:30\u202fPM', 'Wednesday: 10:00\u202fAM\u2009–\u20099:30\u202fPM', 'Thursday: 10:00\u202fAM\u2009–\u20099:30\u202fPM', 'Friday: 10:00\u202fAM\u2009–\u20099:30\u202fPM', 'Saturday: 10:00\u202fAM\u2009–\u20099:30\u202fPM', 'Sunday: 10:00\u202fAM\u2009–\u20099:30\u202fPM']",N/A,+49 30 8140002950,N/A,N/A,N/A,https://maps.google.com/?cid=68306573005289489,https://waldorfastoriaberlin.de/en/waldorfastoria-spa/
Artemis Sauna Club Berlin,"Halenseestraße 32-36, 10711 Berlin, Germany",4.4,265,52.499573,13.2822013,sauna,ChIJ2d8POQ5RqEcRMdHqew4OukU,OPERATIONAL,"['Monday: 11:00\u202fAM\u2009–\u20095:00\u202fAM', 'Tuesday: 11:00\u202fAM\u2009–\u20095:00\u202fAM', 'Wednesday: 11:00\u202fAM\u2009–\u20095:00\u202fAM', 'Thursday: 11:00\u202fAM\u2009–\u20095:00\u202fAM', 'Friday: 11:00\u202fAM\u2009–\u20095:00\u202fAM', 'Saturday: 11:00\u202fAM\u2009–\u20095:00\u202fAM', 'Sunday: 11:00\u202fAM\u2009–\u20095:00\u202fAM']",N/A,+49 30 8904440,N/A,N/A,N/A,https://maps.google.com/?cid=5024343789656527153,https://www.fkk-artemis.de/
Wellness Deluxe Bar 23,"Körnerstraße 23, 12157 Berlin, Germany",4.4,67,52.460797,13.3306935,sauna,ChIJwzDOqPxbqEcRBx3oo7e_40g,OPERATIONAL,"['Monday: Closed', 'Tuesday: 12:00\u2009–\u200910:00\u202fPM', 'Wednesday: 12:00\u2009–\u200910:00\u202fPM', 'Thursday: 12:00\u2009–\u200910:00\u202fPM', 'Friday: 12:00\u202fPM\u2009–\u200912:00\u202fAM', 'Saturday: 12:00\u202fPM\u2009–\u200912:00\u202fAM', 'Sunday: 12:00\u2009–\u200910:00\u202fPM']",N/A,+49 176 15279403,N/A,N/A,N/A,https://maps.google.com/?cid=5252252385893948679,http://www.wellness-deluxe23.de/
tranxx - Floating Bath & Massage World,"Akazienstraße 27, 10823 Berlin, Germany",4.8,465,52.4868544,13.3550469,sauna,ChIJX1L0AkFQqEcRYKTRa-oY7ew,OPERATIONAL,"['Monday: Closed', 'Tuesday: Closed', 'Wednesday: Closed', 'Thursday: 10:00\u202fAM\u2009–\u200910:00\u202fPM', 'Friday: Closed', 'Saturday: Closed', 'Sunday: Closed']",N/A,+49 30 78957280,N/A,N/A,N/A,https://maps.google.com/?cid=17072329157541733472,http://www.tranxx.de/
ONO Spa,"ONO Spa im THE MANDALA HOTEL, Potsdamer Str. 3, 10785 Berlin, Germany",4.8,73,52.5089736,13.3736811,sauna,ChIJIeqReMlRqEcRStOIkiCYMjM,OPERATIONAL,"['Monday: 4:00\u2009–\u20099:00\u202fPM', 'Tuesday: 4:00\u2009–\u20099:00\u202fPM', 'Wednesday: 4:00\u2009–\u20099:00\u202fPM', 'Thursday: 4:00\u2009–\u20099:00\u202fPM', 'Friday: 11:00\u202fAM\u2009–\u20098:00\u202fPM', 'Saturday: 11:00\u202fAM\u2009–\u20098:00\u202fPM', 'Sunday: 11:00\u202fAM\u2009–\u20096:00\u202fPM']",N/A,+49 30 590051100,N/A,N/A,N/A,https://maps.google.com/?cid=3689178310434673482,https://onospa.de/de/
SPA InterContinental,"Budapester Str. 2, 10787 Berlin, Germany",4.4,51,52.5070279,13.345529,sauna,ChIJF6VjuqxRqEcRgNvyJ6-3JuA,OPERATIONAL,"['Monday: 7:00\u202fAM\u2009–\u20099:00\u202fPM', 'Tuesday: 7:00\u202fAM\u2009–\u20099:00\u202fPM', 'Wednesday: 7:00\u202fAM\u2009–\u20099:00\u202fPM', 'Thursday: 7:00\u202fAM\u2009–\u20099:00\u202fPM', 'Friday: 7:00\u202fAM\u2009–\u20099:00\u202fPM', 'Saturday: 7:00\u202fAM\u2009–\u20099:00\u202fPM', 'Sunday: 7:00\u202fAM\u2009–\u20099:00\u202fPM']",N/A,+49 30 26023011,N/A,N/A,N/A,https://maps.google.com/?cid=16151799076528249728,https://www.berlin.intercontinental.com/wellness/
HOLIDAY SPA,"Düsterhauptstraße 15, 13469 Berlin, Germany",4.4,467,52.6102771,13.3180084,sauna,ChIJ30fgnJtUqEcRDbsft5FAUKA,OPERATIONAL,"['Monday: 10:00\u202fAM\u2009–\u200910:00\u202fPM', 'Tuesday: 9:15\u202fAM\u2009–\u20097:30\u202fPM', 'Wednesday: 10:00\u202fAM\u2009–\u200910:00\u202fPM', 'Thursday: Closed', 'Friday: 12:00\u2009–\u200911:00\u202fPM', 'Saturday: 10:00\u202fAM\u2009–\u200911:00\u202fPM', 'Sunday: 10:30\u202fAM\u2009–\u20099:00\u202fPM']",N/A,+49 30 40208410,N/A,N/A,N/A,https://maps.google.com/?cid=11551804038792067853,http://www.holiday-spa.berlin/
Club Olympus Spa & Fitness,"Marlene-Dietrich-Platz 2, 10785 Berlin, Germany",4.3,101,52.508209,13.372753,sauna,ChIJTYcTLspRqEcR6z3zI8F5saE,OPERATIONAL,"['Monday: 7:00\u202fAM\u2009–\u20099:00\u202fPM', 'Tuesday: 7:00\u202fAM\u2009–\u20099:00\u202fPM', 'Wednesday: 7:00\u202fAM\u2009–\u20099:00\u202fPM', 'Thursday: 7:00\u202fAM\u2009–\u20099:00\u202fPM', 'Friday: 7:00\u202fAM\u2009–\u20099:00\u202fPM', 'Saturday: 7:00\u202fAM\u2009–\u20099:00\u202fPM', 'Sunday: 7:00\u202fAM\u2009–\u20099:00\u202fPM']",N/A,+49 30 25531890,N/A,N/A,N/A,https://maps.google.com/?cid=11651227581422976491,https://www.hyatt.com/de-DE/spas/Club-Olympus-Berlin/home?src=prop_bergh_de_misc_googlebusinessprofile_organic_website
LAKANA Thai Massage & Fish Spa- Klimatisiert!!!in Berlin,"Greifswalder Str. 11, 10405 Berlin, Germany",4.8,527,52.5298294,13.4262197,sauna,ChIJW7hYUwVOqEcRjCoB8Cj3DVs,OPERATIONAL,"['Monday: Closed', 'Tuesday: 12:00\u2009–\u20098:00\u202fPM', 'Wednesday: 12:00\u2009–\u20098:00\u202fPM', 'Thursday: 12:00\u2009–\u20098:00\u202fPM', 'Friday: 12:00\u2009–\u20098:00\u202fPM', 'Saturday: 12:00\u2009–\u20097:00\u202fPM', 'Sunday: 12:00\u2009–\u20097:00\u202fPM']",N/A,+49 30 92143156,N/A,N/A,"[{'open_now': True, 'periods': [{'close': {'date': '2024-09-12', 'day': 4, 'time': '2359', 'truncated': True}, 'open': {'date': '2024-09-06', 'day': 5, 'time': '0000', 'truncated': True}}], 'type': 'ONLINE_SERVICE_HOURS', 'weekday_text': ['Monday: Open 24 hours', 'Tuesday: Open 24 hours', 'Wednesday: Open 24 hours', 'Thursday: Open 24 hours', 'Friday: Open 24 hours', 'Saturday: Open 24 hours', 'Sunday: Open 24 hours']}]",https://maps.google.com/?cid=6561171987346041484,https://lakana-thaimassage.de/
"Russian sauna Banja ""Berezka""","Stromstraße 50, 10551 Berlin, Germany",3.7,55,52.5288756,13.342769,sauna,ChIJa-XQt3RRqEcRGqwdkAWjmFg,OPERATIONAL,"['Monday: Closed', 'Tuesday: Closed', 'Wednesday: Closed', 'Thursday: Closed', 'Friday: 5:00\u2009–\u200910:00\u202fPM', 'Saturday: 12:00\u2009–\u200910:00\u202fPM', 'Sunday: 11:00\u202fAM\u2009–\u200910:00\u202fPM']",N/A,+49 30 55655750,N/A,N/A,N/A,https://maps.google.com/?cid=6384031716085705754,N/A
Gezer Massage,"Alexanderpl. 7, 10178 Berlin, Germany",4.4,106,52.5228494,13.4129207,sauna,ChIJY_RROCxPqEcRuf4g9qYIPuc,OPERATIONAL,"['Monday: 12:00\u2009–\u200910:00\u202fPM', 'Tuesday: 12:00\u2009–\u200910:00\u202fPM', 'Wednesday: 12:00\u2009–\u200910:00\u202fPM', 'Thursday: 12:00\u2009–\u200910:00\u202fPM', 'Friday: 12:00\u2009–\u200910:00\u202fPM', 'Saturday: 12:00\u2009–\u200910:00\u202fPM', 'Sunday: 12:00\u2009–\u200910:00\u202fPM']",N/A,+49 30 23894264,N/A,N/A,N/A,https://maps.google.com/?cid=16662765184504364729,http://www.gezer-massagen.com/
Sky Spa & Fitnesslounge,"Ella-Trebe-Straße 5, 10557 Berlin, Germany",4.8,72,52.5234298,13.3679819,sauna,ChIJ011DFCZRqEcRR3i2lcmbxvI,OPERATIONAL,"['Monday: 2:00\u2009–\u200910:00\u202fPM', 'Tuesday: 2:00\u2009–\u200910:00\u202fPM', 'Wednesday: 2:00\u2009–\u200910:00\u202fPM', 'Thursday: 2:00\u2009–\u200910:00\u202fPM', 'Friday: 2:00\u2009–\u200910:00\u202fPM', 'Saturday: 10:00\u202fAM\u2009–\u200910:00\u202fPM', 'Sunday: 10:00\u202fAM\u2009–\u20096:00\u202fPM']",N/A,+49 30 740743888,N/A,N/A,N/A,https://maps.google.com/?cid=17493841092669765703,http://www.sky-spa-fitnesslounge.de/
Yi-Spa,"Monbijoupl. 3A, 10178 Berlin, Germany",4.5,214,52.5232385,13.3993984,sauna,ChIJG98KSedRqEcRwwrWSWRpjVc,OPERATIONAL,"['Monday: 11:30\u202fAM\u2009–\u20098:00\u202fPM', 'Tuesday: 11:30\u202fAM\u2009–\u20098:00\u202fPM', 'Wednesday: 11:30\u202fAM\u2009–\u20098:00\u202fPM', 'Thursday: 11:30\u202fAM\u2009–\u20098:00\u202fPM', 'Friday: 11:30\u202fAM\u2009–\u20098:00\u202fPM', 'Saturday: 11:30\u202fAM\u2009–\u20098:00\u202fPM', 'Sunday: 11:30\u202fAM\u2009–\u20098:00\u202fPM']",N/A,+49 30 28879665,N/A,N/A,N/A,https://maps.google.com/?cid=6308814532472343235,http://www.yi-spa.com/
centrovital Spa & Sportclub,"Brauereihof 6, 13585 Berlin, Germany",4.4,314,52.54653260000001,13.2101602,sauna,ChIJIU_41WtWqEcRR1_eDEwElUY,OPERATIONAL,"['Monday: 7:00\u202fAM\u2009–\u200910:00\u202fPM', 'Tuesday: 7:00\u202fAM\u2009–\u200910:00\u202fPM', 'Wednesday: 7:00\u202fAM\u2009–\u200910:00\u202fPM', 'Thursday: 7:00\u202fAM\u2009–\u200910:00\u202fPM', 'Friday: 7:00\u202fAM\u2009–\u200910:00\u202fPM', 'Saturday: 8:00\u202fAM\u2009–\u200910:00\u202fPM', 'Sunday: 8:00\u202fAM\u2009–\u200910:00\u202fPM']",N/A,+49 30 81875113,N/A,N/A,N/A,https://maps.google.com/?cid=5085976078864768839,https://www.centrovital-berlin.de/spa-und-sportclub/
Camping&mobileSauna,"Falkenhagener Str. 22, 13585 Berlin, Germany",5,48,52.5467324,13.199294,sauna,ChIJP7YccJhXqEcRZnPNjiEEXps,OPERATIONAL,"['Monday: Open 24 hours', 'Tuesday: Open 24 hours', 'Wednesday: Open 24 hours', 'Thursday: Open 24 hours', 'Friday: Open 24 hours', 'Saturday: Open 24 hours', 'Sunday: Open 24 hours']",N/A,+49 1525 7253595,N/A,N/A,N/A,https://maps.google.com/?cid=11195390265865892710,https://www.camping-mobilesauna.de/
centrovital,"Brauereihof 6, 13585 Berlin, Germany",4.3,2856,52.54672619999999,13.2106614,sauna,ChIJRb73xWtWqEcRUX6jr4l8V2Y,OPERATIONAL,"['Monday: Open 24 hours', 'Tuesday: Open 24 hours', 'Wednesday: Open 24 hours', 'Thursday: Open 24 hours', 'Friday: Open 24 hours', 'Saturday: Open 24 hours', 'Sunday: Open 24 hours']",Refined rooms & suites in a classy spa hotel with a lake-view restaurant & a bistro/bar.,+49 30 818750,N/A,N/A,N/A,https://maps.google.com/?cid=7374499845641567825,https://www.centrovital-berlin.de/
Palace Spa Berlin,"Budapester Str. 45, 10787 Berlin, Germany",4,19,52.50492819999999,13.3386372,sauna,ChIJI7aXc1VQqEcR10Cjwog8XRk,OPERATIONAL,"['Monday: 6:30\u202fAM\u2009–\u200910:00\u202fPM', 'Tuesday: 6:30\u202fAM\u2009–\u200910:00\u202fPM', 'Wednesday: 6:30\u202fAM\u2009–\u200910:00\u202fPM', 'Thursday: 6:30\u202fAM\u2009–\u200910:00\u202fPM', 'Friday: 6:30\u202fAM\u2009–\u200910:00\u202fPM', 'Saturday: 6:30\u202fAM\u2009–\u200910:00\u202fPM', 'Sunday: 8:00\u202fAM\u2009–\u200910:00\u202fPM']",N/A,+49 30 25021070,N/A,N/A,N/A,https://maps.google.com/?cid=1827683581860987095,https://www.palace.de/hotel/palace-spa-fitness
Berlin Relaxed,"Nollendorfstraße 24, 10777 Berlin, Germany",4.7,196,52.4973989,13.3506847,sauna,ChIJs8Bytk9QqEcRHxH0aWKwsWM,OPERATIONAL,"['Monday: 11:00\u202fAM\u2009–\u200911:00\u202fPM', 'Tuesday: 11:00\u202fAM\u2009–\u200911:00\u202fPM', 'Wednesday: 11:00\u202fAM\u2009–\u200911:00\u202fPM', 'Thursday: 11:00\u202fAM\u2009–\u200911:00\u202fPM', 'Friday: 11:00\u202fAM\u2009–\u200911:00\u202fPM', 'Saturday: 11:00\u202fAM\u2009–\u200911:00\u202fPM', 'Sunday: 11:00\u202fAM\u2009–\u200911:00\u202fPM']",N/A,+49 30 64824641,N/A,N/A,N/A,https://maps.google.com/?cid=7183716817363538207,http://www.berlin-relaxed.com/
Gezer Spa - Berlin Friedrichstraße,"Friedrichstraße 158-164, 10117 Berlin, Germany",4.7,134,52.515956,13.388512,sauna,ChIJeame5RJRqEcRom5QdWC355w,OPERATIONAL,"['Monday: 2:00\u2009–\u200910:00\u202fPM', 'Tuesday: 2:00\u2009–\u200910:00\u202fPM', 'Wednesday: 2:00\u2009–\u200910:00\u202fPM', 'Thursday: 2:00\u2009–\u200910:00\u202fPM', 'Friday: 2:00\u2009–\u200910:00\u202fPM', 'Saturday: 2:00\u2009–\u200910:00\u202fPM', 'Sunday: 2:00\u2009–\u200910:00\u202fPM']",N/A,+49 30 20274105,N/A,N/A,N/A,https://maps.google.com/?cid=11306207014449868450,http://www.gezer-massagen.com/
SEASON Spa & Fitness Club,"Steigenberger Hotel Am Kanzleramt, Ella-Trebe-Straße 5, 10557 Berlin, Germany",4.8,6,52.5235379,13.368088,sauna,ChIJ4ZA1xr1RqEcRW1_eJhAg-Gg,OPERATIONAL,"['Monday: 2:00\u2009–\u200910:00\u202fPM', 'Tuesday: 2:00\u2009–\u200910:00\u202fPM', 'Wednesday: 2:00\u2009–\u200910:00\u202fPM', 'Thursday: 2:00\u2009–\u200910:00\u202fPM', 'Friday: 2:00\u2009–\u200910:00\u202fPM', 'Saturday: 2:00\u2009–\u200910:00\u202fPM', 'Sunday: 2:00\u2009–\u200910:00\u202fPM']",N/A,+49 30 740743888,N/A,N/A,N/A,https://maps.google.com/?cid=7563830827912421211,N/A
Avarus Berlin - Swingers Club,"Seestraße 50, 13347 Berlin, Germany",4.1,97,52.5510285,13.3539941,sauna,ChIJJ5w6yNVTqEcRP9cSMGipLv8,OPERATIONAL,"['Monday: Closed', 'Tuesday: Closed', 'Wednesday: 6:00\u202fPM\u2009–\u200912:00\u202fAM', 'Thursday: 8:00\u202fPM\u2009–\u20092:00\u202fAM', 'Friday: 8:00\u202fPM\u2009–\u20093:00\u202fAM', 'Saturday: 8:00\u202fPM\u2009–\u20094:00\u202fAM', 'Sunday: 6:00\u202fPM\u2009–\u20091:00\u202fAM']",N/A,+49 30 45308244,N/A,N/A,N/A,https://maps.google.com/?cid=18387820593548547903,http://www.avarus-berlin.com/
THE Spa Pullman Berlin Schweizerhof,"Burggrafenstraße 2a, 10787 Berlin, Germany",5,14,52.5054218,13.3450138,sauna,ChIJE8ilpPtRqEcRtXqQIkvIXBs,OPERATIONAL,"['Monday: 11:30\u202fAM\u2009–\u20098:00\u202fPM', 'Tuesday: 11:30\u202fAM\u2009–\u20098:00\u202fPM', 'Wednesday: 11:30\u202fAM\u2009–\u20098:00\u202fPM', 'Thursday: 11:30\u202fAM\u2009–\u20098:00\u202fPM', 'Friday: 11:30\u202fAM\u2009–\u20098:00\u202fPM', 'Saturday: 11:30\u202fAM\u2009–\u20098:00\u202fPM', 'Sunday: 11:30\u202fAM\u2009–\u20098:00\u202fPM']",N/A,+49 30 91734956,N/A,N/A,N/A,https://maps.google.com/?cid=1971670961909430965,http://www.thespa-schweizerhof.com/
Olivin Wellness Lounge Sauna,"Schönhauser Allee 177, 10119 Berlin, Germany",4.1,182,52.5314129,13.4117439,sauna,ChIJoXzHquJRqEcRdlbipfBSQbg,CLOSED_TEMPORARILY,N/A,N/A,+49 30 44042500,N/A,N/A,N/A,https://maps.google.com/?cid=13276984369993635446,http://www.olivin-berlin.com/
Yaya Spa Berlin,"Möckernstraße 66, 10965 Berlin, Germany",4.5,60,52.4910096,13.3790428,sauna,ChIJc7Q25q9RqEcRu1AK18bLUTY,OPERATIONAL,"['Monday: 12:00\u2009–\u200910:30\u202fPM', 'Tuesday: 12:00\u2009–\u200910:30\u202fPM', 'Wednesday: 12:00\u2009–\u200910:30\u202fPM', 'Thursday: 12:00\u2009–\u200910:30\u202fPM', 'Friday: 12:00\u2009–\u200910:00\u202fPM', 'Saturday: 12:00\u2009–\u200910:30\u202fPM', 'Sunday: 12:00\u2009–\u200910:30\u202fPM']",N/A,+49 30 832147744,N/A,N/A,N/A,https://maps.google.com/?cid=3914133606033412283,https://www.yayaspaberlin.com/
FINNFLOAT Sauna Floß Berlin,"Müggelseedamm 70, 12587 Berlin, Germany",4.5,27,52.4486389,13.6096254,sauna,ChIJqw_lIOY3qEcR7sd-eRzAeNA,OPERATIONAL,N/A,N/A,+49 176 62180998,N/A,N/A,N/A,https://maps.google.com/?cid=15021967785624258542,http://finnfloat.de/
Salzlounge-Berlin,"Heinrich-Grüber-Straße 3, 12621 Berlin, Germany",4.7,231,52.5126187,13.5883123,sauna,ChIJf68UbXhJqEcRqxRdTis5sWM,OPERATIONAL,"['Monday: Closed', 'Tuesday: Closed', 'Wednesday: 10:00\u202fAM\u2009–\u20097:00\u202fPM', 'Thursday: 11:00\u202fAM\u2009–\u20099:00\u202fPM', 'Friday: 10:00\u202fAM\u2009–\u20098:00\u202fPM', 'Saturday: 10:00\u202fAM\u2009–\u20096:00\u202fPM', 'Sunday: 10:00\u202fAM\u2009–\u20093:00\u202fPM']",N/A,+49 30 91148770,N/A,N/A,N/A,https://maps.google.com/?cid=7183585738793751723,http://www.salzlounge.de/
Beauty Place SPA am Potsdamer Platz und Gendarmenmarkt,"Beauty Place SPA in Holmes place, Gabriele Tergit Promenade 17, Friedrichstraße 68/a-d, 10117 Berlin, Germany",4.2,74,52.50534039999999,13.3759204,sauna,ChIJMxh_p31RqEcRx3Cweb0QPcE,OPERATIONAL,"['Monday: 10:00\u202fAM\u2009–\u200910:00\u202fPM', 'Tuesday: 10:00\u202fAM\u2009–\u200910:00\u202fPM', 'Wednesday: 10:00\u202fAM\u2009–\u200910:00\u202fPM', 'Thursday: 10:00\u202fAM\u2009–\u200910:00\u202fPM', 'Friday: 10:00\u202fAM\u2009–\u20099:00\u202fPM', 'Saturday: 11:00\u202fAM\u2009–\u20099:00\u202fPM', 'Sunday: 11:00\u202fAM\u2009–\u20099:00\u202fPM']",N/A,+49 30 20624960,N/A,N/A,N/A,https://maps.google.com/?cid=13924304028875911367,http://beautyplacespa.com/
Sauna am Römerweg,"Römerweg 36, 10318 Berlin, Germany",4.7,15,52.49168460000001,13.5244942,sauna,ChIJhc0GqS5JqEcRUlh420BaGXY,OPERATIONAL,"['Monday: 4:00\u2009–\u200910:00\u202fPM', 'Tuesday: 11:00\u202fAM\u2009–\u200910:00\u202fPM', 'Wednesday: 2:00\u2009–\u200910:00\u202fPM', 'Thursday: 4:00\u2009–\u200910:00\u202fPM', 'Friday: 2:00\u2009–\u200911:00\u202fPM', 'Saturday: Closed', 'Sunday: 4:00\u2009–\u20099:00\u202fPM']",N/A,+49 30 50178677,N/A,N/A,N/A,https://maps.google.com/?cid=8509932205499766866,https://sauna-am-roemerweg.de/
Aspria Berlin Ku’damm,"Karlsruher Str. 20, 10711 Berlin, Germany",4.1,984,52.50038869999999,13.2941771,sauna,ChIJk-80tsRQqEcRTobN6gIPry8,OPERATIONAL,"['Monday: 6:00\u202fAM\u2009–\u200911:00\u202fPM', 'Tuesday: 6:00\u202fAM\u2009–\u200911:00\u202fPM', 'Wednesday: 6:00\u202fAM\u2009–\u200911:00\u202fPM', 'Thursday: 6:00\u202fAM\u2009–\u200911:00\u202fPM', 'Friday: 6:00\u202fAM\u2009–\u200911:00\u202fPM', 'Saturday: 8:00\u202fAM\u2009–\u200910:00\u202fPM', 'Sunday: 8:00\u202fAM\u2009–\u200910:00\u202fPM']","Modern rooms & apartments in a chic lodging offering open-air dining, a spa & an indoor pool.",+49 30 8906888918,N/A,N/A,N/A,https://maps.google.com/?cid=3435981545910666830,https://www.aspria.com/de/berlin-kudamm/
ADG Wellness & Sauna GmbH,"Grunewaldstraße 10, 12165 Berlin, Germany",2.8,4,52.4586872,13.3164768,sauna,ChIJXRaOYodaqEcRYjgbTDxhhRI,OPERATIONAL,N/A,N/A,+49 30 7934184,N/A,N/A,N/A,https://maps.google.com/?cid=1334579776188004450,N/A
Spa & Fitness Club am Steinplatz,"Steinpl. 4, 10623 Berlin, Germany",5,11,52.50790970000001,13.3263473,sauna,ChIJEQHRdjxRqEcRPwRq7rSZhAA,OPERATIONAL,"['Monday: 9:00\u202fAM\u2009–\u20099:00\u202fPM', 'Tuesday: 9:00\u202fAM\u2009–\u20099:00\u202fPM', 'Wednesday: 9:00\u202fAM\u2009–\u20099:00\u202fPM', 'Thursday: 9:00\u202fAM\u2009–\u20099:00\u202fPM', 'Friday: 9:00\u202fAM\u2009–\u20099:00\u202fPM', 'Saturday: 9:00\u202fAM\u2009–\u20099:00\u202fPM', 'Sunday: 9:00\u202fAM\u2009–\u20099:00\u202fPM']",N/A,+49 30 5544440,N/A,N/A,N/A,https://maps.google.com/?cid=37323699298894911,https://www.marriott.de/hotels/hotel-information/fitness-spa-services/berak-hotel-am-steinplatz-autograph-collection/
ELIXIA VitalClub GmbH & Co. KG Prager Platz,"Prager Pl. 1-3, 10779 Berlin, Germany",4.3,330,52.4938282,13.3326052,sauna,ChIJk4F2klhQqEcR-HJbUd7Ubos,OPERATIONAL,"['Monday: 6:30\u202fAM\u2009–\u200911:00\u202fPM', 'Tuesday: 6:30\u202fAM\u2009–\u200911:00\u202fPM', 'Wednesday: 6:30\u202fAM\u2009–\u200911:00\u202fPM', 'Thursday: 6:30\u202fAM\u2009–\u200911:00\u202fPM', 'Friday: 6:30\u202fAM\u2009–\u200911:00\u202fPM', 'Saturday: 8:00\u202fAM\u2009–\u200910:00\u202fPM', 'Sunday: 9:00\u202fAM\u2009–\u200910:00\u202fPM']",N/A,+49 30 8540680,N/A,N/A,N/A,https://maps.google.com/?cid=10047201870022931192,https://elixia.de/
Adlon Spa by Resense,"Unter den Linden 77, 10117 Berlin, Germany",4.3,12,52.5150813,13.3806558,sauna,ChIJnyQrcXBRqEcRyktCCcLAeCk,OPERATIONAL,"['Monday: Closed', 'Tuesday: Closed', 'Wednesday: 11:00\u202fAM\u2009–\u20097:00\u202fPM', 'Thursday: 11:00\u202fAM\u2009–\u20097:00\u202fPM', 'Friday: 11:00\u202fAM\u2009–\u20097:00\u202fPM', 'Saturday: 11:00\u202fAM\u2009–\u20097:00\u202fPM', 'Sunday: 11:00\u202fAM\u2009–\u20097:00\u202fPM']",N/A,+49 30 22611220,N/A,N/A,N/A,https://maps.google.com/?cid=2988350292371852234,https://www.kempinski.com/en/berlin/hotel-adlon/luxury-spa/?utm_medium=organic&utm_source=google&utm_campaign=KIBER2&utm_content=gmb-Spa&source=S308962248
Sauna Idyll Biesdorf,"Annenstraße 63, 12683 Berlin, Germany",4.6,107,52.531862,13.5604845,sauna,ChIJHTwnmOZLqEcRSDztasDumSA,OPERATIONAL,"['Monday: 2:00\u2009–\u200910:00\u202fPM', 'Tuesday: 2:00\u2009–\u200910:00\u202fPM', 'Wednesday: 3:00\u2009–\u200910:00\u202fPM', 'Thursday: 3:00\u2009–\u200910:00\u202fPM', 'Friday: 3:00\u2009–\u200910:00\u202fPM', 'Saturday: Closed', 'Sunday: 3:00\u2009–\u200910:00\u202fPM']",N/A,+49 30 5455267,N/A,N/A,N/A,https://maps.google.com/?cid=2349171190845488200,http://www.sauna-idyll-biesdorf.de/
Thaimassage Malaitip,"Grunewaldstraße 28, 10823 Berlin, Germany",4.7,112,52.4895589,13.3480975,sauna,ChIJU818fENQqEcRBhIDniormD4,OPERATIONAL,"['Monday: 10:00\u202fAM\u2009–\u20098:00\u202fPM', 'Tuesday: 10:00\u202fAM\u2009–\u20098:00\u202fPM', 'Wednesday: 10:00\u202fAM\u2009–\u20098:00\u202fPM', 'Thursday: 10:00\u202fAM\u2009–\u20098:00\u202fPM', 'Friday: 10:00\u202fAM\u2009–\u20098:00\u202fPM', 'Saturday: 10:00\u202fAM\u2009–\u20098:00\u202fPM', 'Sunday: Closed']",N/A,+49 30 55218155,N/A,N/A,"[{'open_now': False, 'periods': [{'close': {'date': '2024-09-09', 'day': 1, 'time': '2000'}, 'open': {'date': '2024-09-09', 'day': 1, 'time': '1000'}}, {'close': {'date': '2024-09-10', 'day': 2, 'time': '2000'}, 'open': {'date': '2024-09-10', 'day': 2, 'time': '1000'}}, {'close': {'date': '2024-09-11', 'day': 3, 'time': '2100'}, 'open': {'date': '2024-09-11', 'day': 3, 'time': '1000'}}, {'close': {'date': '2024-09-12', 'day': 4, 'time': '2000'}, 'open': {'date': '2024-09-12', 'day': 4, 'time': '1000'}}, {'close': {'date': '2024-09-06', 'day': 5, 'time': '2000'}, 'open': {'date': '2024-09-06', 'day': 5, 'time': '1000'}}, {'close': {'date': '2024-09-07', 'day': 6, 'time': '2000'}, 'open': {'date': '2024-09-07', 'day': 6, 'time': '1000'}}], 'type': 'ACCESS', 'weekday_text': ['Monday: 10:00\u202fAM\u2009–\u20098:00\u202fPM', 'Tuesday: 10:00\u202fAM\u2009–\u20098:00\u202fPM', 'Wednesday: 10:00\u202fAM\u2009–\u20099:00\u202fPM', 'Thursday: 10:00\u202fAM\u2009–\u20098:00\u202fPM', 'Friday: 10:00\u202fAM\u2009–\u20098:00\u202fPM', 'Saturday: 10:00\u202fAM\u2009–\u20098:00\u202fPM', 'Sunday: Closed']}]",https://maps.google.com/?cid=4510402488851173894,http://www.thaimassage-malaitipspa-berlin.de/
LivingWell Health Club Berlin,"Mohrenstraße 30, 10117 Berlin, Germany",3.8,46,52.5121453,13.3930135,sauna,ChIJgzRQDNpRqEcRfDvUPhojYw0,OPERATIONAL,"['Monday: 7:00\u202fAM\u2009–\u200910:00\u202fPM', 'Tuesday: 7:00\u202fAM\u2009–\u200910:00\u202fPM', 'Wednesday: 7:00\u202fAM\u2009–\u200910:00\u202fPM', 'Thursday: 7:00\u202fAM\u2009–\u200910:00\u202fPM', 'Friday: 7:00\u202fAM\u2009–\u200910:00\u202fPM', 'Saturday: 7:00\u202fAM\u2009–\u200910:00\u202fPM', 'Sunday: 7:00\u202fAM\u2009–\u200910:00\u202fPM']",N/A,+49 30 202302950,N/A,N/A,N/A,https://maps.google.com/?cid=964653340817636220,https://www.livingwell.com/clubs/berlin/
Urban Boost Station,"Pariser Str. 43, 10707 Berlin, Germany",4.8,97,52.4979282,13.3191763,sauna,ChIJ15TXdXpRqEcRjmKlW4HmWXM,OPERATIONAL,"['Monday: 10:00\u202fAM\u2009–\u20097:00\u202fPM', 'Tuesday: 10:00\u202fAM\u2009–\u20097:00\u202fPM', 'Wednesday: 10:00\u202fAM\u2009–\u20097:00\u202fPM', 'Thursday: 10:00\u202fAM\u2009–\u20097:00\u202fPM', 'Friday: 10:00\u202fAM\u2009–\u20097:00\u202fPM', 'Saturday: 10:00\u202fAM\u2009–\u20093:00\u202fPM', 'Sunday: Closed']",N/A,+49 30 62975597,N/A,N/A,N/A,https://maps.google.com/?cid=8311928030551696014,http://www.urbanbooststation.com/
HOLI DAY SPA,"Düsterhauptstraße 15, 13469 Berlin, Germany",4.6,39,52.6102899,13.3179932,sauna,ChIJwYLgnJtUqEcRrsUf5XyErV0,OPERATIONAL,N/A,N/A,N/A,N/A,N/A,N/A,https://maps.google.com/?cid=6750197088453117358,https://holiday-spa.berlin/
BeFine Sports & Spa am Gendarmenmarkt,"Französische Str. 30, 10117 Berlin, Germany",4.8,26,52.5149883,13.3943545,sauna,ChIJd6oagOxRqEcRBWhP3oHHuEY,OPERATIONAL,"['Monday: 1:00\u2009–\u20099:30\u202fPM', 'Tuesday: 1:00\u2009–\u20099:30\u202fPM', 'Wednesday: 1:00\u2009–\u20099:30\u202fPM', 'Thursday: 1:00\u2009–\u20099:30\u202fPM', 'Friday: 10:00\u202fAM\u2009–\u20099:30\u202fPM', 'Saturday: 10:00\u202fAM\u2009–\u20099:30\u202fPM', 'Sunday: 1:00\u2009–\u20099:30\u202fPM']",N/A,+49 30 2014370870,N/A,N/A,"[{'open_now': True, 'periods': [{'close': {'date': '2024-09-09', 'day': 1, 'time': '0000'}, 'open': {'date': '2024-09-08', 'day': 0, 'time': '0630'}}, {'close': {'date': '2024-09-10', 'day': 2, 'time': '0000'}, 'open': {'date': '2024-09-09', 'day': 1, 'time': '0630'}}, {'close': {'date': '2024-09-11', 'day': 3, 'time': '0000'}, 'open': {'date': '2024-09-10', 'day': 2, 'time': '0630'}}, {'close': {'date': '2024-09-12', 'day': 4, 'time': '0000'}, 'open': {'date': '2024-09-11', 'day': 3, 'time': '0630'}}, {'close': {'date': '2024-09-12', 'day': 4, 'time': '2359', 'truncated': True}, 'open': {'date': '2024-09-12', 'day': 4, 'time': '0630'}}, {'close': {'date': '2024-09-07', 'day': 6, 'time': '0000'}, 'open': {'date': '2024-09-06', 'day': 5, 'time': '0630'}}, {'close': {'date': '2024-09-08', 'day': 0, 'time': '0000'}, 'open': {'date': '2024-09-07', 'day': 6, 'time': '0630'}}], 'type': 'ACCESS', 'weekday_text': ['Monday: 6:30\u202fAM\u2009–\u200912:00\u202fAM', 'Tuesday: 6:30\u202fAM\u2009–\u200912:00\u202fAM', 'Wednesday: 6:30\u202fAM\u2009–\u200912:00\u202fAM', 'Thursday: 6:30\u202fAM\u2009–\u200912:00\u202fAM', 'Friday: 6:30\u202fAM\u2009–\u200912:00\u202fAM', 'Saturday: 6:30\u202fAM\u2009–\u200912:00\u202fAM', 'Sunday: 6:30\u202fAM\u2009–\u200912:00\u202fAM']}]",https://maps.google.com/?cid=5096042338964170757,https://www.titanic.com.tr/titanic-gendarmenmarkt-berlin/befine-spa
Nan Spa,"Pfalzburger Str. 20, 10719 Berlin, Germany",4.4,176,52.49424,13.32171,sauna,ChIJ2_yyFPFQqEcR2JfQ7z6MbuU,OPERATIONAL,"['Monday: 10:00\u202fAM\u2009–\u20098:00\u202fPM', 'Tuesday: 10:00\u202fAM\u2009–\u20098:00\u202fPM', 'Wednesday: 10:00\u202fAM\u2009–\u20098:00\u202fPM', 'Thursday: 10:00\u202fAM\u2009–\u20098:00\u202fPM', 'Friday: 10:00\u202fAM\u2009–\u20098:00\u202fPM', 'Saturday: 10:00\u202fAM\u2009–\u20098:00\u202fPM', 'Sunday: Closed']",N/A,+49 30 50154295,N/A,N/A,N/A,https://maps.google.com/?cid=16532305484062955480,https://www.nanspa.de/
Ayana Spa - exclusive Thai Massage,"Lietzenburger Str. 98, 10719 Berlin, Germany",4.7,222,52.4998952,13.3195882,sauna,ChIJX4YOtvpQqEcRXuATVJmQ4KY,OPERATIONAL,"['Monday: 10:00\u202fAM\u2009–\u20098:30\u202fPM', 'Tuesday: 10:00\u202fAM\u2009–\u20098:30\u202fPM', 'Wednesday: 10:00\u202fAM\u2009–\u20098:30\u202fPM', 'Thursday: 10:00\u202fAM\u2009–\u20098:30\u202fPM', 'Friday: 10:00\u202fAM\u2009–\u20098:30\u202fPM', 'Saturday: 10:00\u202fAM\u2009–\u20098:30\u202fPM', 'Sunday: 12:00\u2009–\u20097:00\u202fPM']",N/A,+49 30 88676839,N/A,N/A,N/A,https://maps.google.com/?cid=12024769993294209118,http://www.ayana-spa.de/
Pestana Berlin Tiergarten,"Stülerstraße 6, 10787 Berlin, Germany",4.4,1643,52.50849299999999,13.34884,sauna,ChIJf8Uy8axRqEcR4sIxbheD0sE,OPERATIONAL,"['Monday: Open 24 hours', 'Tuesday: Open 24 hours', 'Wednesday: Open 24 hours', 'Thursday: Open 24 hours', 'Friday: Open 24 hours', 'Saturday: Open 24 hours', 'Sunday: Open 24 hours']","High-end rooms & suites in a modern property featuring a spa, a fitness room & a restaurant.",+49 30 311759000,N/A,N/A,N/A,https://maps.google.com/?cid=13966369531085570786,https://www.pestana.com/en/hotel/pestana-berlin?utm_campaign=pestana-berlin&utm_medium=organicsearch&utm_source=google-my-business
Sauna - Physio & Wellness 4 Life,"Eckertstraße 15, 10249 Berlin, Germany",5,3,52.519255,13.450225,sauna,ChIJ_7dn62xOqEcRmem_1JeqvEs,OPERATIONAL,"['Monday: 8:00\u202fAM\u2009–\u20094:00\u202fPM', 'Tuesday: 8:00\u202fAM\u2009–\u20097:00\u202fPM', 'Wednesday: 8:00\u202fAM\u2009–\u20094:00\u202fPM', 'Thursday: 8:00\u202fAM\u2009–\u20097:00\u202fPM', 'Friday: 8:00\u202fAM\u2009–\u20092:00\u202fPM', 'Saturday: Closed', 'Sunday: Closed']",N/A,+49 30 84435376,N/A,N/A,N/A,https://maps.google.com/?cid=5457424417552329113,https://www.physiowellnessberlin.de/
MobileSaunaBerlin Fasssauna Sauna,"Bruno-Baum-Straße 41A, 12685 Berlin, Germany",4.9,42,52.5389417,13.5451266,sauna,ChIJIUhcnvNLqEcRNEsz-IdfJVA,OPERATIONAL,"['Monday: 9:00\u202fAM\u2009–\u20096:00\u202fPM', 'Tuesday: 9:00\u202fAM\u2009–\u20096:00\u202fPM', 'Wednesday: 9:00\u202fAM\u2009–\u20096:00\u202fPM', 'Thursday: 9:00\u202fAM\u2009–\u20096:00\u202fPM', 'Friday: 9:00\u202fAM\u2009–\u20096:00\u202fPM', 'Saturday: 10:00\u202fAM\u2009–\u20095:00\u202fPM', 'Sunday: 10:00\u202fAM\u2009–\u20095:00\u202fPM']",N/A,+49 176 65103927,N/A,N/A,N/A,https://maps.google.com/?cid=5775127134761863988,http://mobilesaunaberlin.de/
FassOase - Mobile Sauna Berlin,"Nantesstraße 10, 13127 Berlin, Germany",5,2,52.6007409,13.4190987,sauna,ChIJtTA9JcNTqEcRxHyU0qz8daM,OPERATIONAL,"['Monday: 9:00\u202fAM\u2009–\u20097:00\u202fPM', 'Tuesday: 9:00\u202fAM\u2009–\u20097:00\u202fPM', 'Wednesday: 9:00\u202fAM\u2009–\u20097:00\u202fPM', 'Thursday: 9:00\u202fAM\u2009–\u20097:00\u202fPM', 'Friday: 9:00\u202fAM\u2009–\u20097:00\u202fPM', 'Saturday: 11:00\u202fAM\u2009–\u20095:00\u202fPM', 'Sunday: 11:00\u202fAM\u2009–\u20095:00\u202fPM']",N/A,+49 1520 2088286,N/A,N/A,N/A,https://maps.google.com/?cid=11778598219654921412,http://www.fassoase.de/
Salt Pearl - Your Salt & Float Lounge,"Meyerbeerstraße 111, 13088 Berlin, Germany",4.8,143,52.5492888,13.4645063,sauna,ChIJw5ghD8VNqEcRjSNF_QAgiAU,OPERATIONAL,"['Monday: Closed', 'Tuesday: 2:00\u2009–\u20098:00\u202fPM', 'Wednesday: 10:00\u202fAM\u2009–\u20093:00\u202fPM', 'Thursday: 10:00\u202fAM\u2009–\u20093:00\u202fPM', 'Friday: 2:00\u2009–\u20098:00\u202fPM', 'Saturday: 2:00\u2009–\u20098:00\u202fPM', 'Sunday: Closed']",N/A,+49 30 22357585,N/A,N/A,"[{'open_now': True, 'periods': [{'close': {'date': '2024-09-12', 'day': 4, 'time': '2359', 'truncated': True}, 'open': {'date': '2024-09-06', 'day': 5, 'time': '0000', 'truncated': True}}], 'type': 'ONLINE_SERVICE_HOURS', 'weekday_text': ['Monday: Open 24 hours', 'Tuesday: Open 24 hours', 'Wednesday: Open 24 hours', 'Thursday: Open 24 hours', 'Friday: Open 24 hours', 'Saturday: Open 24 hours', 'Sunday: Open 24 hours']}]",https://maps.google.com/?cid=398603755643544461,http://www.salzperle-berlin.de/
"""Beauty Place Spa"" im Holmes Place Club am Gendarmenmarkt","Charlottenstraße 58, 10117 Berlin, Germany",3.1,33,52.5125365,13.390972,sauna,ChIJXY5s3WtRqEcRY3eb-Nyefdk,OPERATIONAL,"['Monday: 10:00\u202fAM\u2009–\u200911:00\u202fPM', 'Tuesday: 10:00\u202fAM\u2009–\u200911:00\u202fPM', 'Wednesday: 10:00\u202fAM\u2009–\u200911:00\u202fPM', 'Thursday: 10:00\u202fAM\u2009–\u200911:00\u202fPM', 'Friday: 10:00\u202fAM\u2009–\u200911:00\u202fPM', 'Saturday: 10:00\u202fAM\u2009–\u200910:00\u202fPM', 'Sunday: 10:00\u202fAM\u2009–\u200910:00\u202fPM']",N/A,+49 30 20624960,N/A,N/A,N/A,https://maps.google.com/?cid=15671856950220126051,http://www.beautyplacespa.com/
Vabali,"Seydlitzstraße 6, 10557 Berlin, Germany",4.7,11948,52.5286536,13.3592849,therme,ChIJjfrdZphRqEcRT6O7Rn8rVLI,OPERATIONAL,"['Monday: 9:00\u202fAM\u2009–\u200912:00\u202fAM', 'Tuesday: 9:00\u202fAM\u2009–\u200912:00\u202fAM', 'Wednesday: 9:00\u202fAM\u2009–\u200912:00\u202fAM', 'Thursday: 9:00\u202fAM\u2009–\u200912:00\u202fAM', 'Friday: 9:00\u202fAM\u2009–\u200912:00\u202fAM', 'Saturday: 9:00\u202fAM\u2009–\u200912:00\u202fAM', 'Sunday: 9:00\u202fAM\u2009–\u200912:00\u202fAM']","Treatments are available at this Bali-style spa facility with 2-hour, 4-hour & day tickets.",+49 30 9114860,N/A,N/A,N/A,https://maps.google.com/?cid=12849943462442410831,https://www.vabali.de/berlin/
MyWellness Berlin Wilmersdorf,"Kurfürstendamm 146, 10709 Berlin, Germany",4.5,1601,52.4982049,13.2990478,therme,ChIJHW9hLmJRqEcRF4FrnaUDL00,OPERATIONAL,"['Monday: 9:00\u202fAM\u2009–\u200912:00\u202fAM', 'Tuesday: 9:00\u202fAM\u2009–\u200912:00\u202fAM', 'Wednesday: 9:00\u202fAM\u2009–\u200912:00\u202fAM', 'Thursday: 9:00\u202fAM\u2009–\u200912:00\u202fAM', 'Friday: 9:00\u202fAM\u2009–\u200912:00\u202fAM', 'Saturday: 9:00\u202fAM\u2009–\u200912:00\u202fAM', 'Sunday: 9:00\u202fAM\u2009–\u200912:00\u202fAM']",N/A,+49 231 55030039,N/A,N/A,"[{'open_now': True, 'periods': [{'close': {'date': '2024-09-09', 'day': 1, 'time': '0000'}, 'open': {'date': '2024-09-08', 'day': 0, 'time': '0900'}}, {'close': {'date': '2024-09-10', 'day': 2, 'time': '0000'}, 'open': {'date': '2024-09-09', 'day': 1, 'time': '0900'}}, {'close': {'date': '2024-09-11', 'day': 3, 'time': '0000'}, 'open': {'date': '2024-09-10', 'day': 2, 'time': '0900'}}, {'close': {'date': '2024-09-12', 'day': 4, 'time': '0000'}, 'open': {'date': '2024-09-11', 'day': 3, 'time': '0900'}}, {'close': {'date': '2024-09-12', 'day': 4, 'time': '2359', 'truncated': True}, 'open': {'date': '2024-09-12', 'day': 4, 'time': '0900'}}, {'close': {'date': '2024-09-07', 'day': 6, 'time': '0000'}, 'open': {'date': '2024-09-06', 'day': 5, 'time': '0900'}}, {'close': {'date': '2024-09-08', 'day': 0, 'time': '0000'}, 'open': {'date': '2024-09-07', 'day': 6, 'time': '0900'}}], 'type': 'ACCESS', 'weekday_text': ['Monday: 9:00\u202fAM\u2009–\u200912:00\u202fAM', 'Tuesday: 9:00\u202fAM\u2009–\u200912:00\u202fAM', 'Wednesday: 9:00\u202fAM\u2009–\u200912:00\u202fAM', 'Thursday: 9:00\u202fAM\u2009–\u200912:00\u202fAM', 'Friday: 9:00\u202fAM\u2009–\u200912:00\u202fAM', 'Saturday: 9:00\u202fAM\u2009–\u200912:00\u202fAM', 'Sunday: 9:00\u202fAM\u2009–\u200912:00\u202fAM']}, {'open_now': True, 'periods': [{'close': {'date': '2024-09-09', 'day': 1, 'time': '0000'}, 'open': {'date': '2024-09-08', 'day': 0, 'time': '0900'}}, {'close': {'date': '2024-09-10', 'day': 2, 'time': '0000'}, 'open': {'date': '2024-09-09', 'day': 1, 'time': '0900'}}, {'close': {'date': '2024-09-11', 'day': 3, 'time': '0000'}, 'open': {'date': '2024-09-10', 'day': 2, 'time': '0900'}}, {'close': {'date': '2024-09-12', 'day': 4, 'time': '0000'}, 'open': {'date': '2024-09-11', 'day': 3, 'time': '0900'}}, {'close': {'date': '2024-09-12', 'day': 4, 'time': '2359', 'truncated': True}, 'open': {'date': '2024-09-12', 'day': 4, 'time': '0900'}}, {'close': {'date': '2024-09-07', 'day': 6, 'time': '0000'}, 'open': {'date': '2024-09-06', 'day': 5, 'time': '0900'}}, {'close': {'date': '2024-09-08', 'day': 0, 'time': '0000'}, 'open': {'date': '2024-09-07', 'day': 6, 'time': '0900'}}], 'type': 'KITCHEN', 'weekday_text': ['Monday: 9:00\u202fAM\u2009–\u200912:00\u202fAM', 'Tuesday: 9:00\u202fAM\u2009–\u200912:00\u202fAM', 'Wednesday: 9:00\u202fAM\u2009–\u200912:00\u202fAM', 'Thursday: 9:00\u202fAM\u2009–\u200912:00\u202fAM', 'Friday: 9:00\u202fAM\u2009–\u200912:00\u202fAM', 'Saturday: 9:00\u202fAM\u2009–\u200912:00\u202fAM', 'Sunday: 9:00\u202fAM\u2009–\u200912:00\u202fAM']}, {'open_now': True, 'periods': [{'close': {'date': '2024-09-12', 'day': 4, 'time': '2359', 'truncated': True}, 'open': {'date': '2024-09-06', 'day': 5, 'time': '0000', 'truncated': True}}], 'type': 'ONLINE_SERVICE_HOURS', 'weekday_text': ['Monday: Open 24 hours', 'Tuesday: Open 24 hours', 'Wednesday: Open 24 hours', 'Thursday: Open 24 hours', 'Friday: Open 24 hours', 'Saturday: Open 24 hours', 'Sunday: Open 24 hours']}]",https://maps.google.com/?cid=5561668074671407383,https://mywellness.de/berlin/?utm_source=GMB&utm_medium=Yext
Havel-Therme,"Zum Großen Zernsee 15, 14542 Werder (Havel), Germany",4.2,4247,52.3994069,12.9240384,therme,ChIJE6er07XzqEcRBSZW9Zun7eM,OPERATIONAL,"['Monday: 9:00\u202fAM\u2009–\u200912:00\u202fAM', 'Tuesday: 9:00\u202fAM\u2009–\u200912:00\u202fAM', 'Wednesday: 9:00\u202fAM\u2009–\u200912:00\u202fAM', 'Thursday: 9:00\u202fAM\u2009–\u200912:00\u202fAM', 'Friday: 9:00\u202fAM\u2009–\u20091:00\u202fAM', 'Saturday: 9:00\u202fAM\u2009–\u20091:00\u202fAM', 'Sunday: 9:00\u202fAM\u2009–\u200912:00\u202fAM']",N/A,+49 3327 724920,N/A,N/A,N/A,https://maps.google.com/?cid=16423967704367900165,http://www.havel-therme.de/
Liquidrom,"Möckernstraße 10, 10963 Berlin, Germany",4.2,3426,52.50158030000001,13.3811599,therme,ChIJM60oqdJRqEcRy8_3DSb5_JI,OPERATIONAL,"['Monday: 9:00\u202fAM\u2009–\u200912:00\u202fAM', 'Tuesday: 9:00\u202fAM\u2009–\u200912:00\u202fAM', 'Wednesday: 9:00\u202fAM\u2009–\u200912:00\u202fAM', 'Thursday: 9:00\u202fAM\u2009–\u200912:00\u202fAM', 'Friday: 9:00\u202fAM\u2009–\u20091:00\u202fAM', 'Saturday: 9:00\u202fAM\u2009–\u20091:00\u202fAM', 'Sunday: 9:00\u202fAM\u2009–\u200912:00\u202fAM']","Cool spa in building resembling a circus tent, with multiple pools, saunas & underwater music.",N/A,N/A,N/A,N/A,https://maps.google.com/?cid=10591614365506981835,https://www.liquidrom-berlin.de/
tranxx - Floating Bath & Massage World,"Akazienstraße 27, 10823 Berlin, Germany",4.8,465,52.4868544,13.3550469,therme,ChIJX1L0AkFQqEcRYKTRa-oY7ew,OPERATIONAL,"['Monday: Closed', 'Tuesday: Closed', 'Wednesday: Closed', 'Thursday: 10:00\u202fAM\u2009–\u200910:00\u202fPM', 'Friday: Closed', 'Saturday: Closed', 'Sunday: Closed']",N/A,+49 30 78957280,N/A,N/A,N/A,https://maps.google.com/?cid=17072329157541733472,http://www.tranxx.de/
Waldorf Astoria Spa,"Hardenbergstraße 28/Floor 5, 10623 Berlin, Germany",4.5,94,52.50548149999999,13.332767,therme,ChIJB7k_Uf5QqEcREfjNW3es8gA,OPERATIONAL,"['Monday: 10:00\u202fAM\u2009–\u20099:30\u202fPM', 'Tuesday: 10:00\u202fAM\u2009–\u20099:30\u202fPM', 'Wednesday: 10:00\u202fAM\u2009–\u20099:30\u202fPM', 'Thursday: 10:00\u202fAM\u2009–\u20099:30\u202fPM', 'Friday: 10:00\u202fAM\u2009–\u20099:30\u202fPM', 'Saturday: 10:00\u202fAM\u2009–\u20099:30\u202fPM', 'Sunday: 10:00\u202fAM\u2009–\u20099:30\u202fPM']",N/A,+49 30 8140002950,N/A,N/A,N/A,https://maps.google.com/?cid=68306573005289489,https://waldorfastoriaberlin.de/en/waldorfastoria-spa/
KIEZ SAUNA - The sauna in Berlin-Friedrichshain,"Graudenzer Str. 19, 10243 Berlin, Germany",4.3,439,52.5150969,13.448653,therme,ChIJAz5cv0JOqEcRUolqyMHNAVc,OPERATIONAL,"['Monday: 3:00\u202fPM\u2009–\u200912:00\u202fAM', 'Tuesday: 3:00\u202fPM\u2009–\u200912:00\u202fAM', 'Wednesday: 3:00\u202fPM\u2009–\u200912:00\u202fAM', 'Thursday: 3:00\u202fPM\u2009–\u200912:00\u202fAM', 'Friday: 3:00\u202fPM\u2009–\u200912:00\u202fAM', 'Saturday: 3:00\u202fPM\u2009–\u200912:00\u202fAM', 'Sunday: 3:00\u202fPM\u2009–\u200912:00\u202fAM']",N/A,+49 30 29774040,N/A,N/A,N/A,https://maps.google.com/?cid=6269518388451248466,http://www.kiezsauna.de/
HOLIDAY SPA,"Düsterhauptstraße 15, 13469 Berlin, Germany",4.4,467,52.6102771,13.3180084,therme,ChIJ30fgnJtUqEcRDbsft5FAUKA,OPERATIONAL,"['Monday: 10:00\u202fAM\u2009–\u200910:00\u202fPM', 'Tuesday: 9:15\u202fAM\u2009–\u20097:30\u202fPM', 'Wednesday: 10:00\u202fAM\u2009–\u200910:00\u202fPM', 'Thursday: Closed', 'Friday: 12:00\u2009–\u200911:00\u202fPM', 'Saturday: 10:00\u202fAM\u2009–\u200911:00\u202fPM', 'Sunday: 10:30\u202fAM\u2009–\u20099:00\u202fPM']",N/A,+49 30 40208410,N/A,N/A,N/A,https://maps.google.com/?cid=11551804038792067853,http://www.holiday-spa.berlin/
Saunabad Berlin Prenzlauer Berg,"Rykestraße 10, 10405 Berlin, Germany",4.1,202,52.5357614,13.420231,therme,ChIJK8TA4QNOqEcRY5JwoVOwVIk,OPERATIONAL,"['Monday: 3:00\u202fPM\u2009–\u200912:00\u202fAM', 'Tuesday: 3:00\u202fPM\u2009–\u200912:00\u202fAM', 'Wednesday: 3:00\u202fPM\u2009–\u200912:00\u202fAM', 'Thursday: 3:00\u202fPM\u2009–\u200912:00\u202fAM', 'Friday: 3:00\u202fPM\u2009–\u200912:00\u202fAM', 'Saturday: 3:00\u202fPM\u2009–\u200912:00\u202fAM', 'Sunday: 12:00\u202fPM\u2009–\u200912:00\u202fAM']",N/A,+49 30 44046397,N/A,N/A,N/A,https://maps.google.com/?cid=9895728154477105763,http://www.saunabad-berlin.de/
Sultan Hamam Berlin,"Bülowstraße 56-57, 10783 Berlin, Germany",4.4,1180,52.4952468,13.3677644,therme,ChIJtahaqDdQqEcR1zFN5uV9BVQ,OPERATIONAL,"['Monday: 3:00\u2009–\u200910:00\u202fPM', 'Tuesday: 11:00\u202fAM\u2009–\u200910:00\u202fPM', 'Wednesday: 10:00\u202fAM\u2009–\u200910:00\u202fPM', 'Thursday: 11:00\u202fAM\u2009–\u200910:00\u202fPM', 'Friday: 11:00\u202fAM\u2009–\u200910:00\u202fPM', 'Saturday: 10:00\u202fAM\u2009–\u200910:00\u202fPM', 'Sunday: 10:00\u202fAM\u2009–\u200910:00\u202fPM']",N/A,+49 30 21753375,N/A,N/A,"[{'open_now': True, 'periods': [{'close': {'date': '2024-09-12', 'day': 4, 'time': '2359', 'truncated': True}, 'open': {'date': '2024-09-06', 'day': 5, 'time': '0000', 'truncated': True}}], 'type': 'ONLINE_SERVICE_HOURS', 'weekday_text': ['Monday: Open 24 hours', 'Tuesday: Open 24 hours', 'Wednesday: Open 24 hours', 'Thursday: Open 24 hours', 'Friday: Open 24 hours', 'Saturday: Open 24 hours', 'Sunday: Open 24 hours']}]",https://maps.google.com/?cid=6054383700434301399,https://sultanhamam.de/
SAUNARIVM - your wellness temple,"Breite Str. 22B, 13187 Berlin, Germany",4.5,296,52.5701189,13.4021282,therme,ChIJozaL_BZOqEcRtBbk6lMcKZw,OPERATIONAL,N/A,N/A,+49 30 49760714,N/A,N/A,N/A,https://maps.google.com/?cid=11252556290710574772,http://www.saunarivm.de/
Gewölbe-Sauna,"Fröbelstraße 17, 10405 Berlin, Germany",4,332,52.5409532,13.4259317,therme,ChIJ1VR_h_1NqEcRzArowYXfX7Y,OPERATIONAL,"['Monday: 3:00\u2009–\u200911:00\u202fPM', 'Tuesday: 3:00\u2009–\u200911:00\u202fPM', 'Wednesday: 3:00\u2009–\u200911:00\u202fPM', 'Thursday: 3:00\u2009–\u200911:00\u202fPM', 'Friday: 3:00\u2009–\u200911:00\u202fPM', 'Saturday: 3:00\u2009–\u20099:00\u202fPM', 'Sunday: 3:00\u2009–\u20099:00\u202fPM']",N/A,+49 30 4232827,N/A,N/A,N/A,https://maps.google.com/?cid=13141468003267250892,http://www.gewoelbe-sauna.de/
Lützow Sauna,"Lützowstraße 106, 10785 Berlin, Germany",4.5,114,52.5020244,13.3695479,therme,ChIJdWJwDjVQqEcRymhI9qv5YhQ,OPERATIONAL,"['Monday: 6:00\u2009–\u200910:00\u202fPM', 'Tuesday: Closed', 'Wednesday: 4:00\u2009–\u200910:00\u202fPM', 'Thursday: Closed', 'Friday: 4:00\u2009–\u200910:00\u202fPM', 'Saturday: Closed', 'Sunday: 4:00\u2009–\u200910:00\u202fPM']",N/A,+49 30 2622827,N/A,N/A,N/A,https://maps.google.com/?cid=1469010945442867402,http://www.luetzow-sauna.de/
Therme Berlin - Wellness Center,"Litfaß-Platz 47, 10178 Berlin, Germany",0,0,52.5219254,13.4031566,therme,ChIJtZ2UZUNRqEcRBkE8kmQVT4M,OPERATIONAL,"['Monday: 5:00\u202fAM\u2009–\u200911:00\u202fPM', 'Tuesday: 5:00\u202fAM\u2009–\u200911:00\u202fPM', 'Wednesday: 5:00\u202fAM\u2009–\u200911:00\u202fPM', 'Thursday: 5:00\u202fAM\u2009–\u200911:00\u202fPM', 'Friday: 5:00\u202fAM\u2009–\u200911:00\u202fPM', 'Saturday: 5:00\u202fAM\u2009–\u200911:00\u202fPM', 'Sunday: 5:00\u202fAM\u2009–\u200911:00\u202fPM']",N/A,N/A,N/A,N/A,N/A,https://maps.google.com/?cid=9461804863823036678,N/A
Gezer Massage,"Alexanderpl. 7, 10178 Berlin, Germany",4.4,106,52.5228494,13.4129207,therme,ChIJY_RROCxPqEcRuf4g9qYIPuc,OPERATIONAL,"['Monday: 12:00\u2009–\u200910:00\u202fPM', 'Tuesday: 12:00\u2009–\u200910:00\u202fPM', 'Wednesday: 12:00\u2009–\u200910:00\u202fPM', 'Thursday: 12:00\u2009–\u200910:00\u202fPM', 'Friday: 12:00\u2009–\u200910:00\u202fPM', 'Saturday: 12:00\u2009–\u200910:00\u202fPM', 'Sunday: 12:00\u2009–\u200910:00\u202fPM']",N/A,+49 30 23894264,N/A,N/A,N/A,https://maps.google.com/?cid=16662765184504364729,http://www.gezer-massagen.com/
Gezer Spa - Berlin Friedrichstraße,"Friedrichstraße 158-164, 10117 Berlin, Germany",4.7,134,52.515956,13.388512,therme,ChIJeame5RJRqEcRom5QdWC355w,OPERATIONAL,"['Monday: 2:00\u2009–\u200910:00\u202fPM', 'Tuesday: 2:00\u2009–\u200910:00\u202fPM', 'Wednesday: 2:00\u2009–\u200910:00\u202fPM', 'Thursday: 2:00\u2009–\u200910:00\u202fPM', 'Friday: 2:00\u2009–\u200910:00\u202fPM', 'Saturday: 2:00\u2009–\u200910:00\u202fPM', 'Sunday: 2:00\u2009–\u200910:00\u202fPM']",N/A,+49 30 20274105,N/A,N/A,N/A,https://maps.google.com/?cid=11306207014449868450,http://www.gezer-massagen.com/
ONO Spa,"ONO Spa im THE MANDALA HOTEL, Potsdamer Str. 3, 10785 Berlin, Germany",4.8,73,52.5089736,13.3736811,therme,ChIJIeqReMlRqEcRStOIkiCYMjM,OPERATIONAL,"['Monday: 4:00\u2009–\u20099:00\u202fPM', 'Tuesday: 4:00\u2009–\u20099:00\u202fPM', 'Wednesday: 4:00\u2009–\u20099:00\u202fPM', 'Thursday: 4:00\u2009–\u20099:00\u202fPM', 'Friday: 11:00\u202fAM\u2009–\u20098:00\u202fPM', 'Saturday: 11:00\u202fAM\u2009–\u20098:00\u202fPM', 'Sunday: 11:00\u202fAM\u2009–\u20096:00\u202fPM']",N/A,+49 30 590051100,N/A,N/A,N/A,https://maps.google.com/?cid=3689178310434673482,https://onospa.de/de/
SPA InterContinental,"Budapester Str. 2, 10787 Berlin, Germany",4.4,51,52.5070279,13.345529,therme,ChIJF6VjuqxRqEcRgNvyJ6-3JuA,OPERATIONAL,"['Monday: 7:00\u202fAM\u2009–\u20099:00\u202fPM', 'Tuesday: 7:00\u202fAM\u2009–\u20099:00\u202fPM', 'Wednesday: 7:00\u202fAM\u2009–\u20099:00\u202fPM', 'Thursday: 7:00\u202fAM\u2009–\u20099:00\u202fPM', 'Friday: 7:00\u202fAM\u2009–\u20099:00\u202fPM', 'Saturday: 7:00\u202fAM\u2009–\u20099:00\u202fPM', 'Sunday: 7:00\u202fAM\u2009–\u20099:00\u202fPM']",N/A,+49 30 26023011,N/A,N/A,N/A,https://maps.google.com/?cid=16151799076528249728,https://www.berlin.intercontinental.com/wellness/
Saunainsel Berlin,"Kratzbruch, 10245 Berlin, Germany",5,16,52.48908180000001,13.486593,therme,ChIJfyxdqqBPqEcRZsCeOJiJ9hw,OPERATIONAL,"['Monday: 10:00\u202fAM\u2009–\u200911:00\u202fPM', 'Tuesday: 10:00\u202fAM\u2009–\u200911:00\u202fPM', 'Wednesday: 10:00\u202fAM\u2009–\u200911:00\u202fPM', 'Thursday: 10:00\u202fAM\u2009–\u200911:00\u202fPM', 'Friday: 10:00\u202fAM\u2009–\u200911:00\u202fPM', 'Saturday: 10:00\u202fAM\u2009–\u200911:00\u202fPM', 'Sunday: 10:00\u202fAM\u2009–\u200911:00\u202fPM']",N/A,+49 176 77877500,N/A,N/A,N/A,https://maps.google.com/?cid=2087006764210765926,http://batuga.de/saunainsel
float Berlin Mitte Wellness,"Hausvogteipl. 11, 10117 Berlin, Germany",4.6,230,52.5124863,13.3974027,therme,ChIJt7AEwNlRqEcR2ZCBmcpOgr0,OPERATIONAL,"['Monday: 11:00\u202fAM\u2009–\u20099:00\u202fPM', 'Tuesday: 11:00\u202fAM\u2009–\u20099:00\u202fPM', 'Wednesday: 11:00\u202fAM\u2009–\u20099:00\u202fPM', 'Thursday: 11:00\u202fAM\u2009–\u20099:00\u202fPM', 'Friday: 11:00\u202fAM\u2009–\u20099:00\u202fPM', 'Saturday: 11:00\u202fAM\u2009–\u20099:00\u202fPM', 'Sunday: 11:00\u202fAM\u2009–\u20099:00\u202fPM']",N/A,+49 30 20143797,N/A,N/A,"[{'open_now': True, 'periods': [{'close': {'date': '2024-09-12', 'day': 4, 'time': '2359', 'truncated': True}, 'open': {'date': '2024-09-06', 'day': 5, 'time': '0000', 'truncated': True}}], 'type': 'ONLINE_SERVICE_HOURS', 'weekday_text': ['Monday: Open 24 hours', 'Tuesday: Open 24 hours', 'Wednesday: Open 24 hours', 'Thursday: Open 24 hours', 'Friday: Open 24 hours', 'Saturday: Open 24 hours', 'Sunday: Open 24 hours']}]",https://maps.google.com/?cid=13655563652206530777,http://www.float-berlin.de/
Kristall Wohlfühltherme Ludwigsfelde,"Ostverbinder 10, 14974 Ludwigsfelde, Germany",4.4,7969,52.30575650000001,13.2611584,therme,ChIJy5QkDmRdqEcRDHbH0W49HRY,OPERATIONAL,"['Monday: 9:00\u202fAM\u2009–\u200910:00\u202fPM', 'Tuesday: 9:00\u202fAM\u2009–\u200910:00\u202fPM', 'Wednesday: 9:00\u202fAM\u2009–\u200910:00\u202fPM', 'Thursday: 9:00\u202fAM\u2009–\u200910:00\u202fPM', 'Friday: 9:00\u202fAM\u2009–\u200911:00\u202fPM', 'Saturday: 9:00\u202fAM\u2009–\u200911:00\u202fPM', 'Sunday: 9:00\u202fAM\u2009–\u200910:00\u202fPM']","Indoor & outdoor pools, plus saunas & landscaped gardens in a spa facility with dining options.",+49 3378 518790,N/A,N/A,N/A,https://maps.google.com/?cid=1593497389334230540,http://www.kristall-therme-ludwigsfelde.de/
SaarowTherme,"Am Kurpark 1, 15526 Bad Saarow, Germany",4.1,5174,52.2910176,14.0605073,therme,ChIJObV8EB6KB0cRygu_8Wb4dIo,OPERATIONAL,"['Monday: 10:00\u202fAM\u2009–\u20099:00\u202fPM', 'Tuesday: 10:00\u202fAM\u2009–\u20099:00\u202fPM', 'Wednesday: 10:00\u202fAM\u2009–\u20099:00\u202fPM', 'Thursday: 10:00\u202fAM\u2009–\u20099:00\u202fPM', 'Friday: 10:00\u202fAM\u2009–\u200911:00\u202fPM', 'Saturday: 10:00\u202fAM\u2009–\u200911:00\u202fPM', 'Sunday: 10:00\u202fAM\u2009–\u20099:00\u202fPM']","Sprawling health center with thermal pools, saunas & steam baths, plus a salt room & spa treatments.",+49 33631 8680,N/A,N/A,N/A,https://maps.google.com/?cid=9976872195558673354,https://therme.bad-saarow.de/
centrovital Spa & Sportclub,"Brauereihof 6, 13585 Berlin, Germany",4.4,314,52.54653260000001,13.2101602,therme,ChIJIU_41WtWqEcRR1_eDEwElUY,OPERATIONAL,"['Monday: 7:00\u202fAM\u2009–\u200910:00\u202fPM', 'Tuesday: 7:00\u202fAM\u2009–\u200910:00\u202fPM', 'Wednesday: 7:00\u202fAM\u2009–\u200910:00\u202fPM', 'Thursday: 7:00\u202fAM\u2009–\u200910:00\u202fPM', 'Friday: 7:00\u202fAM\u2009–\u200910:00\u202fPM', 'Saturday: 8:00\u202fAM\u2009–\u200910:00\u202fPM', 'Sunday: 8:00\u202fAM\u2009–\u200910:00\u202fPM']",N/A,+49 30 81875113,N/A,N/A,N/A,https://maps.google.com/?cid=5085976078864768839,https://www.centrovital-berlin.de/spa-und-sportclub/
Salzlounge-Berlin,"Heinrich-Grüber-Straße 3, 12621 Berlin, Germany",4.7,231,52.5126187,13.5883123,therme,ChIJf68UbXhJqEcRqxRdTis5sWM,OPERATIONAL,"['Monday: Closed', 'Tuesday: Closed', 'Wednesday: 10:00\u202fAM\u2009–\u20097:00\u202fPM', 'Thursday: 11:00\u202fAM\u2009–\u20099:00\u202fPM', 'Friday: 10:00\u202fAM\u2009–\u20098:00\u202fPM', 'Saturday: 10:00\u202fAM\u2009–\u20096:00\u202fPM', 'Sunday: 10:00\u202fAM\u2009–\u20093:00\u202fPM']",N/A,+49 30 91148770,N/A,N/A,N/A,https://maps.google.com/?cid=7183585738793751723,http://www.salzlounge.de/
Fontane Therme,"An d. Seepromenade 21, 16816 Neuruppin, Germany",4.3,1589,52.9243797,12.8145706,therme,ChIJVemQdaU9qUcRMMmyUqe5M0s,OPERATIONAL,"['Monday: 10:00\u202fAM\u2009–\u200910:00\u202fPM', 'Tuesday: 10:00\u202fAM\u2009–\u200910:00\u202fPM', 'Wednesday: 10:00\u202fAM\u2009–\u200910:00\u202fPM', 'Thursday: 10:00\u202fAM\u2009–\u200910:00\u202fPM', 'Friday: 10:00\u202fAM\u2009–\u200910:00\u202fPM', 'Saturday: 10:00\u202fAM\u2009–\u200910:00\u202fPM', 'Sunday: 10:00\u202fAM\u2009–\u200910:00\u202fPM']",N/A,+49 3391 40350,N/A,N/A,N/A,https://maps.google.com/?cid=5418878904954964272,https://www.resort-mark-brandenburg.de/fontane-therme/
Salt Pearl - Your Salt & Float Lounge,"Meyerbeerstraße 111, 13088 Berlin, Germany",4.8,143,52.5492888,13.4645063,therme,ChIJw5ghD8VNqEcRjSNF_QAgiAU,OPERATIONAL,"['Monday: Closed', 'Tuesday: 2:00\u2009–\u20098:00\u202fPM', 'Wednesday: 10:00\u202fAM\u2009–\u20093:00\u202fPM', 'Thursday: 10:00\u202fAM\u2009–\u20093:00\u202fPM', 'Friday: 2:00\u2009–\u20098:00\u202fPM', 'Saturday: 2:00\u2009–\u20098:00\u202fPM', 'Sunday: Closed']",N/A,+49 30 22357585,N/A,N/A,"[{'open_now': True, 'periods': [{'close': {'date': '2024-09-12', 'day': 4, 'time': '2359', 'truncated': True}, 'open': {'date': '2024-09-06', 'day': 5, 'time': '0000', 'truncated': True}}], 'type': 'ONLINE_SERVICE_HOURS', 'weekday_text': ['Monday: Open 24 hours', 'Tuesday: Open 24 hours', 'Wednesday: Open 24 hours', 'Thursday: Open 24 hours', 'Friday: Open 24 hours', 'Saturday: Open 24 hours', 'Sunday: Open 24 hours']}]",https://maps.google.com/?cid=398603755643544461,http://www.salzperle-berlin.de/
Sauna Teremok,"Märkische Allee 388, 12689 Berlin, Germany",4.6,120,52.571034,13.5671429,therme,ChIJvVsBBnlLqEcRTvr6Gr1DiR0,OPERATIONAL,"['Monday: 2:00\u2009–\u20099:00\u202fPM', 'Tuesday: Closed', 'Wednesday: 2:00\u2009–\u20099:00\u202fPM', 'Thursday: Closed', 'Friday: 3:00\u2009–\u200910:00\u202fPM', 'Saturday: 2:00\u2009–\u20099:00\u202fPM', 'Sunday: 9:00\u202fAM\u2009–\u200910:00\u202fPM']",N/A,+49 30 60930103,N/A,N/A,N/A,https://maps.google.com/?cid=2128306778389805646,http://www.sauna-teremok.de/
Club Olympus Spa & Fitness,"Marlene-Dietrich-Platz 2, 10785 Berlin, Germany",4.3,101,52.508209,13.372753,therme,ChIJTYcTLspRqEcR6z3zI8F5saE,OPERATIONAL,"['Monday: 7:00\u202fAM\u2009–\u20099:00\u202fPM', 'Tuesday: 7:00\u202fAM\u2009–\u20099:00\u202fPM', 'Wednesday: 7:00\u202fAM\u2009–\u20099:00\u202fPM', 'Thursday: 7:00\u202fAM\u2009–\u20099:00\u202fPM', 'Friday: 7:00\u202fAM\u2009–\u20099:00\u202fPM', 'Saturday: 7:00\u202fAM\u2009–\u20099:00\u202fPM', 'Sunday: 7:00\u202fAM\u2009–\u20099:00\u202fPM']",N/A,+49 30 25531890,N/A,N/A,N/A,https://maps.google.com/?cid=11651227581422976491,https://www.hyatt.com/de-DE/spas/Club-Olympus-Berlin/home?src=prop_bergh_de_misc_googlebusinessprofile_organic_website
SteinTherme Bad Belzig,"Am Kurpark 15, 14806 Bad Belzig, Germany",4.4,2249,52.1500807,12.5965869,therme,ChIJ2Qc-Q3GZqEcRHLNkdPtDFX8,OPERATIONAL,"['Monday: 10:00\u202fAM\u2009–\u20099:00\u202fPM', 'Tuesday: 10:00\u202fAM\u2009–\u20099:00\u202fPM', 'Wednesday: 10:00\u202fAM\u2009–\u20099:00\u202fPM', 'Thursday: 10:00\u202fAM\u2009–\u20099:00\u202fPM', 'Friday: 10:00\u202fAM\u2009–\u20099:00\u202fPM', 'Saturday: 10:00\u202fAM\u2009–\u20099:00\u202fPM', 'Sunday: 10:00\u202fAM\u2009–\u20099:00\u202fPM']","Mineral baths in indoor & outdoor saltwater pools, plus saunas, fitness classes & a cafe.",+49 33841 38800,N/A,N/A,N/A,https://maps.google.com/?cid=9157300164596380444,http://www.steintherme.de/
Hamam - The Turkish bath for women,"Mariannenstraße 6, 10997 Berlin, Germany",3.9,378,52.5008346,13.4233137,therme,ChIJb4TDUTROqEcRio5NLy2g5pE,OPERATIONAL,"['Monday: 3:00\u2009–\u20099:00\u202fPM', 'Tuesday: 12:00\u2009–\u200910:00\u202fPM', 'Wednesday: 12:00\u2009–\u200910:00\u202fPM', 'Thursday: 12:00\u2009–\u200910:00\u202fPM', 'Friday: 12:00\u2009–\u200910:00\u202fPM', 'Saturday: 12:00\u2009–\u200910:00\u202fPM', 'Sunday: 12:00\u2009–\u20096:00\u202fPM']",N/A,+49 30 6151464,N/A,N/A,N/A,https://maps.google.com/?cid=10513266496070585994,http://www.hamamberlin.de/
"Vitawell Whirlpool Manufaktur, Schwimm-Spa und Sauna","Stresemannstraße 23, 10963 Berlin, Germany",4.9,49,52.4996737,13.3877699,therme,ChIJcw5OwuBQqEcRqnbsBxyqHiU,OPERATIONAL,"['Monday: 10:00\u202fAM\u2009–\u20096:00\u202fPM', 'Tuesday: 10:00\u202fAM\u2009–\u20096:00\u202fPM', 'Wednesday: 10:00\u202fAM\u2009–\u20096:00\u202fPM', 'Thursday: 10:00\u202fAM\u2009–\u20096:00\u202fPM', 'Friday: 10:00\u202fAM\u2009–\u20096:00\u202fPM', 'Saturday: 10:00\u202fAM\u2009–\u20092:00\u202fPM', 'Sunday: Closed']",N/A,+49 30 30205763,N/A,N/A,N/A,https://maps.google.com/?cid=2674762266073396906,http://www.vitawell.de/
SATAMA SAUNA RESORT & SPA,"Strandstraße 12, 15864 Wendisch Rietz, Germany",4.4,2212,52.21502,14.01027,therme,ChIJQ6PWk62KB0cRJ2yp3DJgZSc,OPERATIONAL,"['Monday: 9:00\u202fAM\u2009–\u200911:00\u202fPM', 'Tuesday: 9:00\u202fAM\u2009–\u200911:00\u202fPM', 'Wednesday: 9:00\u202fAM\u2009–\u200911:00\u202fPM', 'Thursday: 9:00\u202fAM\u2009–\u200911:00\u202fPM', 'Friday: 9:00\u202fAM\u2009–\u200911:00\u202fPM', 'Saturday: 9:00\u202fAM\u2009–\u200911:00\u202fPM', 'Sunday: 9:00\u202fAM\u2009–\u200911:00\u202fPM']","Airy accommodations in a refined lakeside spa resort with a restaurant, saunas & an outdoor pool.",+49 33679 7589900,N/A,N/A,N/A,https://maps.google.com/?cid=2838780911693687847,https://www.satama-saunapark.de/
Palace Spa Berlin,"Budapester Str. 45, 10787 Berlin, Germany",4,19,52.50492819999999,13.3386372,therme,ChIJI7aXc1VQqEcR10Cjwog8XRk,OPERATIONAL,"['Monday: 6:30\u202fAM\u2009–\u200910:00\u202fPM', 'Tuesday: 6:30\u202fAM\u2009–\u200910:00\u202fPM', 'Wednesday: 6:30\u202fAM\u2009–\u200910:00\u202fPM', 'Thursday: 6:30\u202fAM\u2009–\u200910:00\u202fPM', 'Friday: 6:30\u202fAM\u2009–\u200910:00\u202fPM', 'Saturday: 6:30\u202fAM\u2009–\u200910:00\u202fPM', 'Sunday: 8:00\u202fAM\u2009–\u200910:00\u202fPM']",N/A,+49 30 25021070,N/A,N/A,N/A,https://maps.google.com/?cid=1827683581860987095,https://www.palace.de/hotel/palace-spa-fitness
Kurbad Tegel,"Alt-Tegel 23, 13507 Berlin, Germany",4.6,23,52.58872179999999,13.2797926,therme,ChIJoyk2PkNUqEcR4U2zw-4fvXk,OPERATIONAL,"['Monday: 11:00\u202fAM\u2009–\u20096:00\u202fPM', 'Tuesday: 8:00\u202fAM\u2009–\u20091:00\u202fPM', 'Wednesday: 11:00\u202fAM\u2009–\u20096:00\u202fPM', 'Thursday: 8:00\u202fAM\u2009–\u20091:00\u202fPM', 'Friday: 8:00\u202fAM\u2009–\u20093:00\u202fPM', 'Saturday: Closed', 'Sunday: Closed']",N/A,+49 30 4339127,N/A,N/A,N/A,https://maps.google.com/?cid=8772202759533579745,N/A
BOILER Sauna Berlin,"Mehringdamm 34, 10961 Berlin, Germany",4.1,726,52.49363349999999,13.3877998,therme,ChIJHbqEHilQqEcRmT3xwmU_M74,OPERATIONAL,"['Monday: 12:00\u2009–\u20096:00\u202fAM, 12:00\u202fPM\u2009–\u200912:00\u202fAM', 'Tuesday: 12:00\u2009–\u20096:00\u202fAM, 12:00\u202fPM\u2009–\u200912:00\u202fAM', 'Wednesday: 12:00\u2009–\u20096:00\u202fAM, 12:00\u202fPM\u2009–\u200912:00\u202fAM', 'Thursday: 12:00\u2009–\u20096:00\u202fAM, 12:00\u202fPM\u2009–\u200912:00\u202fAM', 'Friday: 12:00\u2009–\u20096:00\u202fAM, 12:00\u202fPM\u2009–\u200912:00\u202fAM', 'Saturday: Open 24 hours', 'Sunday: Open 24 hours']","Neon-lit, industrial-chic complex with a hot tub, saunas & steam rooms, plus a bar with a garden.",+49 30 57707175,N/A,N/A,N/A,https://maps.google.com/?cid=13705367797313387929,http://boiler-berlin.de/
De Rome Spa,"Behrenstraße 37, 10117 Berlin, Germany",4.2,9,52.5158104,13.3942228,therme,ChIJu5kGvttRqEcRzxnRMldv04M,OPERATIONAL,"['Monday: 8:00\u202fAM\u2009–\u20099:00\u202fPM', 'Tuesday: 8:00\u202fAM\u2009–\u20099:00\u202fPM', 'Wednesday: 8:00\u202fAM\u2009–\u20099:00\u202fPM', 'Thursday: 8:00\u202fAM\u2009–\u20099:00\u202fPM', 'Friday: 8:00\u202fAM\u2009–\u20099:00\u202fPM', 'Saturday: 8:00\u202fAM\u2009–\u20099:00\u202fPM', 'Sunday: 8:00\u202fAM\u2009–\u20099:00\u202fPM']",N/A,+49 30 4606091160,N/A,N/A,N/A,https://maps.google.com/?cid=9499058459359910351,https://www.roccofortehotels.com/hotels-and-resorts/hotel-de-rome/wellness/
NaturThermeTemplin,"Dargersdorfer Str. 121, 17268 Templin, Germany",4.2,4417,53.10280419999999,13.5256072,therme,ChIJjaIGsPCcqUcR-EHmJ3Kmyjw,OPERATIONAL,N/A,"Large complex with indoor/outdoor pools, water slides & a wave pool, plus saunas & a salt grotto.",+49 3987 201200,N/A,N/A,N/A,https://maps.google.com/?cid=4380496596797112824,https://www.naturthermetemplin.de/
Olivin Wellness Lounge Sauna,"Schönhauser Allee 177, 10119 Berlin, Germany",4.1,182,52.5314129,13.4117439,therme,ChIJoXzHquJRqEcRdlbipfBSQbg,CLOSED_TEMPORARILY,N/A,N/A,+49 30 44042500,N/A,N/A,N/A,https://maps.google.com/?cid=13276984369993635446,http://www.olivin-berlin.com/
SPREEWALD THERME,"Ringchaussee 152, 03096 Burg (Spreewald), Germany",4.6,3604,51.8380738,14.1357093,therme,ChIJcVt2PcMJCEcRKOV0sXRkqPQ,OPERATIONAL,"['Monday: 9:00\u202fAM\u2009–\u200910:00\u202fPM', 'Tuesday: 9:00\u202fAM\u2009–\u200910:00\u202fPM', 'Wednesday: 9:00\u202fAM\u2009–\u200910:00\u202fPM', 'Thursday: 9:00\u202fAM\u2009–\u200910:00\u202fPM', 'Friday: 9:00\u202fAM\u2009–\u200911:00\u202fPM', 'Saturday: 9:00\u202fAM\u2009–\u200910:00\u202fPM', 'Sunday: 9:00\u202fAM\u2009–\u200910:00\u202fPM']","Sleek spa getaway offering rooms with nature views, plus a laid-back restaurant.",+49 35603 18850,N/A,N/A,N/A,https://maps.google.com/?cid=17629451193698018600,https://spreewald-therme.de/
Sauna R,"Regattastraße 217, 12527 Berlin, Germany",4.6,32,52.4113965,13.5889811,therme,ChIJub8qs8JHqEcR69GWE0tRvzM,OPERATIONAL,"['Monday: 1:30\u2009–\u20099:30\u202fPM', 'Tuesday: 8:30\u202fAM\u2009–\u200912:30\u202fPM, 4:30\u2009–\u20098:30\u202fPM', 'Wednesday: 8:30\u202fAM\u2009–\u200912:30\u202fPM, 4:30\u2009–\u20098:30\u202fPM', 'Thursday: 8:30\u202fAM\u2009–\u200912:30\u202fPM, 4:30\u2009–\u20098:30\u202fPM', 'Friday: 4:30\u2009–\u20098:30\u202fPM', 'Saturday: 10:00\u202fAM\u2009–\u20092:00\u202fPM', 'Sunday: Closed']",N/A,+49 30 91747177,N/A,N/A,N/A,https://maps.google.com/?cid=3728788399379108331,http://sauna-r.de/
Adlon Spa by Resense,"Unter den Linden 77, 10117 Berlin, Germany",4.3,12,52.5150813,13.3806558,therme,ChIJnyQrcXBRqEcRyktCCcLAeCk,OPERATIONAL,"['Monday: Closed', 'Tuesday: Closed', 'Wednesday: 11:00\u202fAM\u2009–\u20097:00\u202fPM', 'Thursday: 11:00\u202fAM\u2009–\u20097:00\u202fPM', 'Friday: 11:00\u202fAM\u2009–\u20097:00\u202fPM', 'Saturday: 11:00\u202fAM\u2009–\u20097:00\u202fPM', 'Sunday: 11:00\u202fAM\u2009–\u20097:00\u202fPM']",N/A,+49 30 22611220,N/A,N/A,N/A,https://maps.google.com/?cid=2988350292371852234,https://www.kempinski.com/en/berlin/hotel-adlon/luxury-spa/?utm_medium=organic&utm_source=google&utm_campaign=KIBER2&utm_content=gmb-Spa&source=S308962248
ADG Wellness & Sauna GmbH,"Grunewaldstraße 10, 12165 Berlin, Germany",2.8,4,52.4586872,13.3164768,therme,ChIJXRaOYodaqEcRYjgbTDxhhRI,OPERATIONAL,N/A,N/A,+49 30 7934184,N/A,N/A,N/A,https://maps.google.com/?cid=1334579776188004450,N/A
SpaSphere,"Landsberger Allee 106, 10369 Berlin, Germany",4.4,17,52.528366,13.457008,therme,ChIJgf4LNitPqEcRaI4MEpVnio0,OPERATIONAL,"['Monday: 10:00\u202fAM\u2009–\u20099:00\u202fPM', 'Tuesday: 10:00\u202fAM\u2009–\u20099:00\u202fPM', 'Wednesday: 10:00\u202fAM\u2009–\u20099:00\u202fPM', 'Thursday: 10:00\u202fAM\u2009–\u20099:00\u202fPM', 'Friday: 10:00\u202fAM\u2009–\u20099:00\u202fPM', 'Saturday: 10:00\u202fAM\u2009–\u20098:00\u202fPM', 'Sunday: 9:00\u202fAM\u2009–\u20098:00\u202fPM']",N/A,+49 30 4530532401,N/A,N/A,N/A,https://maps.google.com/?cid=10199078196084510312,https://www.spasphere.de/
Fläming-Therme Luckenwalde,"Weinberge 40, 14943 Luckenwalde, Germany",4.1,2120,52.0911244,13.1511582,therme,ChIJ7eKcWFd6qEcR2vgkvUkgBNQ,CLOSED_TEMPORARILY,N/A,"Spa complex with indoor pools, whirlpools & saunas, plus aqua fitness classes & massage treatments.",+49 3371 40020,N/A,N/A,N/A,https://maps.google.com/?cid=15277371337025583322,http://www.flaeming-therme.de/
Sauna Idyll Biesdorf,"Annenstraße 63, 12683 Berlin, Germany",4.6,107,52.531862,13.5604845,therme,ChIJHTwnmOZLqEcRSDztasDumSA,OPERATIONAL,"['Monday: 2:00\u2009–\u200910:00\u202fPM', 'Tuesday: 2:00\u2009–\u200910:00\u202fPM', 'Wednesday: 3:00\u2009–\u200910:00\u202fPM', 'Thursday: 3:00\u2009–\u200910:00\u202fPM', 'Friday: 3:00\u2009–\u200910:00\u202fPM', 'Saturday: Closed', 'Sunday: 3:00\u2009–\u200910:00\u202fPM']",N/A,+49 30 5455267,N/A,N/A,N/A,https://maps.google.com/?cid=2349171190845488200,http://www.sauna-idyll-biesdorf.de/
HOLI DAY SPA,"Düsterhauptstraße 15, 13469 Berlin, Germany",4.6,39,52.6102899,13.3179932,therme,ChIJwYLgnJtUqEcRrsUf5XyErV0,OPERATIONAL,N/A,N/A,N/A,N/A,N/A,N/A,https://maps.google.com/?cid=6750197088453117358,https://holiday-spa.berlin/
Sauna Reinhard Kindlein,"Köllnische Str. 7, 12439 Berlin, Germany",4.8,4,52.4526033,13.5204231,therme,ChIJkRgOW6NIqEcRput9pB-1y3U,OPERATIONAL,"['Monday: 9:00\u202fAM\u2009–\u20097:00\u202fPM', 'Tuesday: 9:00\u202fAM\u2009–\u20097:00\u202fPM', 'Wednesday: 9:00\u202fAM\u2009–\u20097:00\u202fPM', 'Thursday: Closed', 'Friday: Closed', 'Saturday: Closed', 'Sunday: Closed']",N/A,+49 30 43726248,N/A,N/A,N/A,https://maps.google.com/?cid=8488077070218161062,N/A
Sauna - Physio & Wellness 4 Life,"Eckertstraße 15, 10249 Berlin, Germany",5,3,52.519255,13.450225,therme,ChIJ_7dn62xOqEcRmem_1JeqvEs,OPERATIONAL,"['Monday: 8:00\u202fAM\u2009–\u20094:00\u202fPM', 'Tuesday: 8:00\u202fAM\u2009–\u20097:00\u202fPM', 'Wednesday: 8:00\u202fAM\u2009–\u20094:00\u202fPM', 'Thursday: 8:00\u202fAM\u2009–\u20097:00\u202fPM', 'Friday: 8:00\u202fAM\u2009–\u20092:00\u202fPM', 'Saturday: Closed', 'Sunday: Closed']",N/A,+49 30 84435376,N/A,N/A,N/A,https://maps.google.com/?cid=5457424417552329113,https://www.physiowellnessberlin.de/
Spreewald Thermal Baths,"Ringchaussee 152, 03096 Burg (Spreewald), Germany",4.7,2305,51.8380605,14.1376522,therme,ChIJcVt2PcMJCEcRzrGPjoqWRFM,OPERATIONAL,"['Monday: Open 24 hours', 'Tuesday: Open 24 hours', 'Wednesday: Open 24 hours', 'Thursday: Open 24 hours', 'Friday: Open 24 hours', 'Saturday: Open 24 hours', 'Sunday: Open 24 hours']","Sleek spa getaway offering rooms with nature views, plus a laid-back restaurant.",+49 35603 18850,N/A,N/A,N/A,https://maps.google.com/?cid=6000086125405778382,https://spreewald-thermenhotel.de/
Kleine Salzwelt in Berlin,"Zachertstraße 75, 10315 Berlin, Germany",4.8,137,52.5056976,13.5125917,therme,ChIJtUqHBclOqEcRSBos-N790pA,OPERATIONAL,"['Monday: 10:00\u202fAM\u2009–\u20097:00\u202fPM', 'Tuesday: 10:00\u202fAM\u2009–\u20097:00\u202fPM', 'Wednesday: 10:00\u202fAM\u2009–\u20097:00\u202fPM', 'Thursday: 10:00\u202fAM\u2009–\u20092:00\u202fPM', 'Friday: 10:00\u202fAM\u2009–\u20095:00\u202fPM', 'Saturday: Closed', 'Sunday: Closed']",N/A,+49 30 69547640,N/A,N/A,N/A,https://maps.google.com/?cid=10435682420659067464,https://kleine-salzwelt.de/
Promenaden-Sauna,"Prenzlauer Promenade 47A, 13089 Berlin, Germany",4.8,10,52.56234420000001,13.4279703,therme,ChIJm7atrYpNqEcRru_Lv9h-sqo,OPERATIONAL,"['Monday: 3:00\u2009–\u20096:00\u202fPM', 'Tuesday: 10:00\u202fAM\u2009–\u20094:00\u202fPM', 'Wednesday: 10:00\u202fAM\u2009–\u20099:00\u202fPM', 'Thursday: 10:00\u202fAM\u2009–\u200911:00\u202fPM', 'Friday: Closed', 'Saturday: Closed', 'Sunday: Closed']",N/A,+49 30 4710063,N/A,N/A,N/A,https://maps.google.com/?cid=12300033001698095022,N/A
Wellness Deluxe Bar 23,"Körnerstraße 23, 12157 Berlin, Germany",4.4,67,52.460797,13.3306935,therme,ChIJwzDOqPxbqEcRBx3oo7e_40g,OPERATIONAL,"['Monday: Closed', 'Tuesday: 12:00\u2009–\u200910:00\u202fPM', 'Wednesday: 12:00\u2009–\u200910:00\u202fPM', 'Thursday: 12:00\u2009–\u200910:00\u202fPM', 'Friday: 12:00\u202fPM\u2009–\u200912:00\u202fAM', 'Saturday: 12:00\u202fPM\u2009–\u200912:00\u202fAM', 'Sunday: 12:00\u2009–\u200910:00\u202fPM']",N/A,+49 176 15279403,N/A,N/A,N/A,https://maps.google.com/?cid=5252252385893948679,http://www.wellness-deluxe23.de/
A & E GmbH Massage Institut,"Nürnberger Str. 7, 10787 Berlin, Germany",3.5,11,52.504434,13.3400374,therme,ChIJ04iBqVVQqEcRyazXWQi2kfU,OPERATIONAL,"['Monday: 1:00\u2009–\u20097:00\u202fPM', 'Tuesday: 1:00\u2009–\u20097:00\u202fPM', 'Wednesday: 1:00\u2009–\u20097:00\u202fPM', 'Thursday: 1:00\u2009–\u20097:00\u202fPM', 'Friday: 1:00\u2009–\u20097:00\u202fPM', 'Saturday: 1:00\u2009–\u20097:00\u202fPM', 'Sunday: 1:00\u2009–\u20097:00\u202fPM']",N/A,+49 171 8927880,N/A,N/A,N/A,https://maps.google.com/?cid=17695124557898689737,N/A
"Russian sauna Banja ""Berezka""","Stromstraße 50, 10551 Berlin, Germany",3.7,55,52.5288756,13.342769,therme,ChIJa-XQt3RRqEcRGqwdkAWjmFg,OPERATIONAL,"['Monday: Closed', 'Tuesday: Closed', 'Wednesday: Closed', 'Thursday: Closed', 'Friday: 5:00\u2009–\u200910:00\u202fPM', 'Saturday: 12:00\u2009–\u200910:00\u202fPM', 'Sunday: 11:00\u202fAM\u2009–\u200910:00\u202fPM']",N/A,+49 30 55655750,N/A,N/A,N/A,https://maps.google.com/?cid=6384031716085705754,N/A
Sky Spa & Fitnesslounge,"Ella-Trebe-Straße 5, 10557 Berlin, Germany",4.8,72,52.5234298,13.3679819,therme,ChIJ011DFCZRqEcRR3i2lcmbxvI,OPERATIONAL,"['Monday: 2:00\u2009–\u200910:00\u202fPM', 'Tuesday: 2:00\u2009–\u200910:00\u202fPM', 'Wednesday: 2:00\u2009–\u200910:00\u202fPM', 'Thursday: 2:00\u2009–\u200910:00\u202fPM', 'Friday: 2:00\u2009–\u200910:00\u202fPM', 'Saturday: 10:00\u202fAM\u2009–\u200910:00\u202fPM', 'Sunday: 10:00\u202fAM\u2009–\u20096:00\u202fPM']",N/A,+49 30 740743888,N/A,N/A,N/A,https://maps.google.com/?cid=17493841092669765703,http://www.sky-spa-fitnesslounge.de/
Elbtalklinik Bad Wilsnack,"Am Kähling 1, 19336 Bad Wilsnack, Germany",4.5,5416,52.96351199999999,11.9482327,therme,ChIJGwlIatXCrkcREySDe0fCkFk,OPERATIONAL,"['Monday: 9:00\u202fAM\u2009–\u20099:00\u202fPM', 'Tuesday: 9:00\u202fAM\u2009–\u20099:00\u202fPM', 'Wednesday: 9:00\u202fAM\u2009–\u20099:00\u202fPM', 'Thursday: 9:00\u202fAM\u2009–\u20099:00\u202fPM', 'Friday: 9:00\u202fAM\u2009–\u200910:00\u202fPM', 'Saturday: 9:00\u202fAM\u2009–\u200910:00\u202fPM', 'Sunday: 9:00\u202fAM\u2009–\u20099:00\u202fPM']",N/A,+49 38791 80880,N/A,N/A,N/A,https://maps.google.com/?cid=6453871878292579347,http://www.kristalltherme-bad-wilsnack.de/
Salzgrotte Berlin (Salzresort),"Heinsestraße 25, 13467 Berlin, Germany",4.6,82,52.6156236,13.3079875,therme,ChIJP7OblJZUqEcR4ISJZKIPZbk,OPERATIONAL,"['Monday: Closed', 'Tuesday: 2:00\u2009–\u20095:00\u202fPM', 'Wednesday: 10:00\u202fAM\u2009–\u20095:00\u202fPM', 'Thursday: Closed', 'Friday: 10:00\u202fAM\u2009–\u20096:00\u202fPM', 'Saturday: 10:00\u202fAM\u2009–\u200912:00\u202fPM', 'Sunday: Closed']",N/A,+49 176 64037812,N/A,N/A,N/A,https://maps.google.com/?cid=13359101059810297056,https://www.salzgrotteberlin.de/
Charme d'Orient,"Buckower Damm 175, 12349 Berlin, Germany",4.7,130,52.4278924,13.4354373,therme,ChIJc7d6G6NFqEcRIWcP1XAPCo0,OPERATIONAL,"['Monday: 10:00\u202fAM\u2009–\u20096:00\u202fPM', 'Tuesday: 10:00\u202fAM\u2009–\u20096:00\u202fPM', 'Wednesday: 10:00\u202fAM\u2009–\u20096:00\u202fPM', 'Thursday: 10:00\u202fAM\u2009–\u20096:00\u202fPM', 'Friday: 10:00\u202fAM\u2009–\u20096:00\u202fPM', 'Saturday: Closed', 'Sunday: Closed']",N/A,+49 30 62728033,N/A,N/A,N/A,https://maps.google.com/?cid=10162952486400255777,http://www.charme-d-orient.de/
Salzgrotte Erkner,"Catholystraße 7, 15537 Erkner, Germany",5,46,52.4152831,13.7505274,therme,ChIJ__-zDwo6qEcR6KESdP_EY6Y,OPERATIONAL,"['Monday: Closed', 'Tuesday: 9:45\u202fAM\u2009–\u20097:00\u202fPM', 'Wednesday: 9:45\u202fAM\u2009–\u20097:00\u202fPM', 'Thursday: 9:45\u202fAM\u2009–\u20097:00\u202fPM', 'Friday: 9:45\u202fAM\u2009–\u20097:00\u202fPM', 'Saturday: 9:45\u202fAM\u2009–\u20093:00\u202fPM', 'Sunday: Closed']",N/A,+49 3362 22024,N/A,N/A,N/A,https://maps.google.com/?cid=11989643234433475048,http://www.salzgrotte-erkner.de/gutscheine-kontakt.html
orient day,"23/24 Alt-Reinickendorf, 13407 Berlin, Germany",3.5,176,52.5753968,13.351994,therme,ChIJ9xXVeblTqEcRDc4RtNiP6yw,OPERATIONAL,"['Monday: 10:00\u202fAM\u2009–\u20099:00\u202fPM', 'Tuesday: 10:00\u202fAM\u2009–\u20099:00\u202fPM', 'Wednesday: 10:00\u202fAM\u2009–\u20099:00\u202fPM', 'Thursday: 10:00\u202fAM\u2009–\u20099:00\u202fPM', 'Friday: 10:00\u202fAM\u2009–\u20099:00\u202fPM', 'Saturday: 10:00\u202fAM\u2009–\u20099:00\u202fPM', 'Sunday: 10:00\u202fAM\u2009–\u20099:00\u202fPM']",N/A,+49 30 4968322,N/A,N/A,N/A,https://maps.google.com/?cid=3236838918092606989,N/A
